_0.jpg,145.3931,64.95693,-115.49558,148.98874,57.72759,-96.05474,151.24727,58.34789,-96.06556,153.19704,58.882694,-96.08078,141.96617,55.407516,-110.70797,138.90457,54.488205,-110.757095,136.00029,53.63714,-110.79781,150.96144,62.14524,2.442072,128.62703,55.688465,-64.1358,145.97806,74.05762,-77.98047,137.10962,71.6331,-97.58404,154.81789,109.084496,80.62191,99.02303,103.174286,-55.71853,165.16113,161.17723,80.14291,96.58869,162.98526,-51.5969,210.53252,149.17952,-56.234055,110.242096,211.21521,-97.94404,223.42519,141.6345,-80.182976,110.94853,224.82057,-118.98065,224.9197,138.19757,-99.48048,117.321,224.71721,-133.02086,220.12256,140.991,-70.16884,117.68038,218.96147,-103.73417,152.76352,218.5858,49.149513,119.29451,217.26424,-49.021465,153.57912,300.72754,49.13258,114.960686,303.9713,-59.961273,146.50835,373.63504,155.93684,107.752304,383.54898,5.878947,139.52638,383.65234,162.13075,106.58014,393.75488,6.902779,173.87967,396.18326,94.270905,119.513466,410.55902,-81.007835
_1.jpg,153.79228,73.832726,255.51488,148.0516,66.07221,233.00844,144.79666,65.51536,233.02542,141.28644,64.93416,233.10362,155.58157,66.92598,228.73381,157.43233,67.002174,228.71805,159.19418,67.09291,228.58377,135.08449,66.611496,139.24446,156.89874,69.77922,119.77591,148.33669,80.59854,225.70425,154.32117,81.62783,219.83823,94.2722,112.80931,70.72192,173.9514,115.10306,48.219856,80.09539,175.88301,53.17802,178.2041,179.13293,67.176544,105.67533,213.10217,42.242424,155.32994,209.19385,108.94195,106.332375,224.52982,41.428185,145.43842,221.93297,112.12853,109.67424,222.98856,38.46629,143.7226,217.17238,107.82778,111.10555,216.8292,40.875237,144.25838,214.50896,109.47542,118.359314,230.31303,2.4855175,159.84152,228.26079,-2.3844957,113.393875,318.07623,48.39611,165.40324,310.3271,64.39486,113.50698,407.10736,35.206814,160.58113,400.98767,53.47512,113.24043,411.8665,30.223394,163.83179,411.7195,47.983864,102.1642,408.95947,-3.659804,170.36952,408.5917,18.789555
_10.jpg,161.55147,62.63685,-170.71994,167.11166,54.520496,-158.0305,170.33528,54.42886,-158.12044,173.48512,54.36721,-158.21832,157.64809,54.321922,-154.55956,154.58994,54.10057,-154.61812,151.96127,53.805878,-154.70439,178.28253,56.763992,-70.68568,149.02023,56.174255,-54.7955,167.55038,69.40134,-136.50334,156.24458,69.179,-131.87015,197.68698,107.379524,-38.22277,124.93956,105.1776,19.89516,193.42555,165.4608,-109.05189,110.35709,160.85928,-37.263596,151.87732,160.51341,-233.35359,137.00816,160.06934,-179.43976,139.14421,160.16357,-264.4507,152.81342,162.5183,-206.65747,137.7946,155.08728,-259.07004,157.06572,153.4062,-205.92113,139.9958,154.85393,-232.05,146.849,153.11311,-181.49112,170.90097,223.69853,-25.030193,132.3654,220.7247,25.342619,166.08397,314.0045,-40.433178,122.994125,310.5607,31.632116,157.9455,396.83594,62.362053,130.45274,392.14285,137.84253,158.11035,410.20865,65.21496,136.9676,406.13483,140.45677,154.66881,417.90698,-44.318832,103.481026,417.28967,35.342587
_100.jpg,167.71628,49.19445,-290.03635,168.43893,37.637573,-282.52692,171.92119,35.289543,-282.5909,175.34488,33.009315,-282.6588,159.0766,43.44264,-274.71634,155.89037,45.165905,-274.7841,153.27898,46.649864,-274.85126,183.05394,34.221703,-201.31139,152.58176,50.905563,-162.65959,179.63683,54.945213,-256.37057,166.86235,63.348988,-245.24251,231.68523,80.160126,-161.47331,141.08058,89.65504,-52.061222,260.69156,143.9533,-208.55913,84.47325,110.93363,-15.337922,223.79935,186.32599,-310.47058,18.901276,109.34612,-101.98352,216.1567,199.06851,-340.61032,-1.9746244,106.23995,-118.115875,206.67464,193.77751,-356.60083,-4.402095,100.750465,-157.27824,207.77324,188.8536,-317.72812,4.7916594,103.126,-122.46697,208.90819,227.97462,-38.972603,159.86562,226.42142,39.01361,202.62158,323.66956,-49.713444,158.24731,321.0658,49.911766,186.78337,414.9968,36.312305,158.34442,412.05917,155.99443,186.03082,423.5744,37.50613,166.19942,423.4044,159.23254,184.08937,439.88037,-72.82774,122.65951,432.9244,64.534035
_101.jpg,194.77762,63.80841,-138.42302,198.80006,54.541138,-125.66237,202.28989,53.928856,-125.7624,205.3426,53.32784,-125.83336,189.77103,55.246693,-122.99363,186.87344,55.15794,-123.03105,184.11815,55.05973,-123.10414,210.40622,55.19454,-37.57962,181.72052,57.000977,-25.008146,201.28119,71.25528,-103.66367,190.38727,72.574905,-99.99022,238.77158,95.79757,-3.445693,163.30096,99.64266,21.466137,233.80177,149.20198,-82.54743,152.86385,148.29555,-77.685684,174.56566,145.07198,-177.4645,199.12537,137.71465,-206.27657,164.70265,145.63245,-202.8889,213.91959,139.25684,-229.39066,163.82935,140.36497,-188.06134,210.09695,128.97523,-219.8674,167.91373,140.68518,-172.20396,207.4776,129.13132,-204.5424,220.20546,218.32648,-7.8893228,178.88353,214.86261,8.145552,217.6523,310.2055,-30.722532,186.95628,306.9112,3.5518563,208.57146,392.8951,101.705345,195.12389,387.36987,144.85393,206.87814,400.8741,108.7727,196.93211,399.13147,152.76706,209.97786,411.42252,2.7154214,182.35284,408.66983,51.505062
_102.jpg,180.18889,68.61181,-83.945496,178.6308,59.98291,-70.950294,177.40205,59.51075,-70.979904,175.96544,58.8351,-70.99203,178.1668,59.601982,-101.11307,176.66423,58.975418,-101.2373,175.07828,58.249104,-101.33125,165.09702,57.518402,-1.7244049,163.2295,56.886005,-137.38582,171.99931,75.08399,-54.50624,170.98703,74.98524,-93.76651,149.49036,99.18479,94.02878,123.57647,97.02304,-186.24811,158.90756,155.31125,136.44186,130.64243,165.475,-234.05466,189.52995,154.53969,74.54413,183.01363,153.35013,-212.15201,200.46185,155.64278,67.79475,196.21768,154.05836,-233.18141,202.6816,151.71272,50.84016,197.9839,146.54204,-221.81253,198.3663,151.54483,64.03883,193.12865,146.92476,-204.97298,150.01907,215.18599,79.85795,126.156845,214.89272,-79.601814,158.36356,303.99396,125.56588,135.1602,300.58557,-60.362244,148.75493,385.27942,224.24268,127.61653,384.63644,33.371227,141.71219,389.74084,229.31865,123.820015,386.92816,37.977684,172.85431,394.08575,167.09303,152.28102,411.23474,-38.95372
_103.jpg,157.46156,78.15403,-76.72154,161.70619,70.16604,-83.50836,162.333,70.06336,-83.51564,162.7939,69.941444,-83.4896,161.91504,70.28314,-65.11104,162.72525,70.19879,-65.137634,163.24564,69.7627,-65.17001,170.86797,71.93679,-87.17025,169.70998,70.68483,-3.1570456,160.93605,86.13642,-75.30083,159.55089,87.043755,-51.145496,182.64136,105.03058,-135.26093,181.8301,108.19562,77.38631,195.04425,166.86414,-170.34966,194.81328,169.69275,121.901825,187.58551,208.93073,-171.00877,188.22867,213.19397,72.4241,188.5956,223.89232,-194.69801,195.99162,223.1529,65.58619,184.43733,222.15848,-195.39958,193.95197,221.01282,41.89622,185.60832,217.6737,-170.52501,194.64412,217.38496,61.04723,211.27847,221.30637,-72.08928,202.6191,220.94527,72.29257,201.23839,312.71542,-79.32718,203.89197,308.03665,73.77311,211.08925,401.5202,-56.66763,209.07057,393.40726,113.73562,214.55453,416.21298,-57.664333,211.36258,410.4931,113.92644,176.8769,420.29434,-125.256294,180.02753,410.82278,65.794075
_11.jpg,134.27477,9.672448,-173.99919,135.97911,5.578391,-182.17822,137.83627,5.6401625,-182.086,139.47687,5.4433556,-182.06572,130.55695,6.8114834,-176.70293,128.49895,7.7734976,-176.78372,126.22683,8.417402,-176.81784,137.24971,11.985337,-190.51021,123.69908,14.205563,-165.6091,138.3438,17.111435,-173.74936,131.21696,17.858496,-166.50218,119.06671,54.008102,-161.28214,157.53488,53.89362,-129.14983,116.23842,96.477486,-111.02905,166.82396,109.614914,-71.172386,146.19496,86.68221,-62.555088,197.57327,124.19393,-30.584242,151.98877,84.15724,-64.24902,209.06975,133.29404,-30.70599,162.04556,82.0019,-71.274445,210.23991,126.10521,-38.33906,159.20592,84.08988,-65.11323,203.33339,124.34646,-31.457977,100.24982,136.95097,-36.323215,121.73023,131.66817,36.445644,76.721535,64.879036,-66.88405,88.651505,61.067722,46.643723,56.56586,127.52096,39.01213,62.33601,128.8942,138.90585,60.210587,135.57513,51.786964,62.299103,139.30963,148.877,33.73781,124.63433,56.75304,55.745113,139.97206,156.14743
_12.jpg,156.33174,54.327244,-80.60525,158.31978,46.64096,-64.226715,160.5702,46.417557,-64.28298,162.57518,46.193996,-64.30508,150.83861,47.439213,-67.1857,148.06187,47.794834,-67.23237,145.56148,48.112217,-67.29605,163.59856,50.056698,26.816612,140.63217,52.546097,13.038613,160.5003,61.794247,-46.30459,151.65506,62.493015,-50.206955,185.11205,96.54114,60.81994,116.204544,96.14281,45.293533,197.62654,140.72063,-27.187876,104.36803,147.84036,-51.56673,194.71667,113.29277,-187.99399,140.52577,130.1134,-197.47926,193.08237,112.496765,-219.37126,154.18848,125.56904,-226.80319,193.20338,105.8304,-215.92747,156.04276,119.82525,-219.81174,192.00789,105.691925,-190.32568,153.62952,120.36011,-197.0472,176.71132,207.66101,0.9928803,136.5577,206.92368,-0.9691568,187.96205,302.37872,-6.5113034,120.34223,306.26535,-5.5970006,194.62459,394.94244,70.180435,109.72301,392.6003,77.96348,189.39497,400.86896,71.01279,113.44346,395.30176,78.95463,203.70541,404.97864,-30.225649,104.46641,401.43634,-24.066322
_13.jpg,148.13239,46.435528,-290.11447,152.12982,37.248882,-279.98395,155.53723,36.545822,-280.05112,158.86151,35.93255,-280.12076,142.57607,39.02563,-276.38104,139.48651,39.59029,-276.45712,136.68983,40.15094,-276.4608,165.06012,38.646515,-194.14182,134.49406,44.274998,-177.52567,155.81181,54.148544,-255.68202,144.98979,57.40269,-250.95996,199.2484,92.91189,-147.27603,112.27417,95.6787,-90.84851,205.59871,166.91615,-132.76825,104.30172,166.98866,-55.935837,200.08862,233.26782,-186.20607,101.49422,229.3466,-121.418175,200.93605,252.53374,-210.75839,97.7718,246.12239,-139.30609,194.99545,253.35942,-231.24016,103.85445,246.96552,-166.13219,193.05121,246.67072,-194.06496,106.14177,241.42172,-132.54016,172.51437,224.66904,-21.096458,127.507065,220.35931,21.254198,162.49423,324.17618,-11.990621,119.87951,318.8785,46.01789,152.00566,411.5252,126.992004,118.32549,409.88416,185.1807,149.33652,419.81656,134.50789,123.10855,420.13922,192.47714,149.2846,429.74268,36.929375,104.28307,433.07022,100.76009
_14.jpg,152.49107,81.148224,-207.17938,157.07549,72.95262,-207.53094,159.67056,72.56549,-207.59915,162.54295,72.168564,-207.7032,152.86418,73.28731,-192.85648,152.1462,73.16341,-192.90591,151.43579,72.97488,-192.92633,174.10338,74.02389,-171.48526,158.14749,74.56287,-103.32616,159.36867,88.45047,-191.51482,153.77586,88.96701,-171.89494,205.71802,120.101944,-164.3029,151.99501,114.85985,-3.1997447,220.83339,177.81921,-196.68303,139.88498,162.20786,56.438198,185.74174,212.37883,-252.91722,105.35773,189.03047,-6.903867,179.4414,223.42053,-280.81473,94.81829,195.89044,-15.904245,175.48804,219.79808,-286.66583,93.66985,194.718,-47.706284,178.25476,214.97884,-254.77823,98.00776,192.68983,-21.701761,183.58392,218.44518,-58.76816,153.11453,214.59949,58.985523,183.57866,289.66125,-96.4559,138.42627,277.81006,91.50528,180.44046,364.45047,-46.51662,137.88951,348.3565,174.77457,184.0466,374.0096,-46.230804,144.33109,360.69965,177.95386,162.20004,390.5245,-128.34435,99.78769,355.9786,123.196625
_16.jpg,144.63676,64.61868,-245.32362,150.83968,56.03168,-237.4036,154.68294,55.972042,-237.59558,158.53067,55.942646,-237.72232,141.92714,56.09325,-229.88074,139.38034,55.98587,-229.90442,137.22305,55.704464,-229.96085,165.36494,59.207645,-165.05688,137.79433,58.72418,-130.5989,152.14442,72.94148,-216.07521,140.98705,73.00215,-206.36163,196.05443,111.91559,-140.4238,121.64636,108.92647,-29.626223,210.9703,176.42886,-141.43205,117.19567,166.62434,26.745869,185.73843,222.67719,-200.0863,116.04275,211.35278,-55.48046,181.57176,235.42526,-231.83066,113.88982,226.90067,-77.15048,173.99643,233.20346,-241.03142,117.1658,226.83841,-103.89933,173.62776,227.89882,-203.60257,119.410545,221.85109,-67.98904,173.17609,229.8748,-43.737602,135.9064,226.043,44.045166,173.21957,310.5816,-26.5089,125.849236,302.01706,68.47149,168.4042,376.62094,144.95705,144.35889,363.2335,266.25385,170.6445,386.90222,157.51141,151.47354,370.83334,281.38113,160.14088,406.49423,72.61589,118.55682,386.15924,216.4763
_17.jpg,142.51909,70.46407,-241.52779,147.07222,61.186337,-230.76965,150.24008,60.7442,-230.80371,153.17612,60.29866,-230.84879,137.05441,61.955395,-229.65195,133.58217,61.967556,-229.7549,130.57378,61.935036,-229.82008,157.43658,62.47376,-144.1849,127.20778,64.589554,-138.62689,148.86252,78.719215,-207.21654,137.06456,80.02859,-205.596,185.60725,112.114296,-70.54667,102.390434,113.515434,-64.15405,189.65314,173.40065,-17.504417,97.044266,169.4762,6.645195,170.09851,203.62634,-52.27481,113.26526,201.30064,2.8135815,163.68613,213.19318,-70.15494,117.38318,212.61157,-5.7384996,159.376,211.21667,-81.216736,119.795715,209.10622,-24.631382,159.71114,206.23738,-56.582493,120.47456,206.59598,-3.4071321,163.64479,231.22084,-0.07508939,119.29014,228.6239,0.28348723,157.08493,328.9138,-9.385405,121.27422,327.6891,9.934941,145.15182,413.1302,67.536736,129.12221,406.18033,101.5975,142.83391,423.0196,68.64756,130.23276,417.4857,104.69184,147.2676,433.25873,-38.274254,119.333855,430.73712,5.258726
_18.jpg,152.6665,51.019867,-170.84827,157.75684,41.229282,-159.17696,161.03925,40.763004,-159.28253,164.28098,40.266716,-159.3584,147.75859,41.493786,-162.32271,144.2875,41.209457,-162.35506,141.00348,40.839275,-162.42575,168.40846,43.19833,-77.490654,136.47871,43.049335,-91.89423,158.5418,60.852257,-138.32158,146.8078,61.342148,-142.5197,191.91954,92.25608,-32.06927,110.7075,96.196945,-49.15165,200.0994,160.809,-7.179321,101.03458,164.08432,-29.972313,197.54892,217.64989,-65.025536,116.87898,219.81555,-76.2913,197.00928,235.41386,-83.425705,117.81463,237.9629,-93.6519,194.5909,234.10046,-104.42608,126.1507,236.16765,-110.212944,191.54121,227.7737,-73.76494,127.042595,229.6047,-82.56708,177.04268,228.67339,3.5378797,131.63852,227.57967,-3.2938395,174.05875,321.5009,9.290638,124.35625,324.25906,14.3796835,170.02678,405.82236,88.04303,132.43459,408.94434,88.40234,165.18576,416.67795,91.14046,134.47627,417.89188,90.34729,181.35028,433.64346,5.1313415,129.67386,436.5753,-0.27631983
_19.jpg,171.90631,80.775246,-290.6137,176.6181,72.66267,-280.95966,179.82796,72.40197,-280.9965,182.23663,72.14901,-281.04337,166.66164,73.138626,-280.83426,163.0539,73.12999,-280.89514,160.06166,73.05485,-280.8996,186.28523,75.43006,-199.20149,156.27591,76.345535,-198.8048,177.21573,88.843094,-257.90985,166.09192,89.64617,-257.8327,206.01256,118.495316,-123.185104,133.67268,117.58008,-120.90455,243.53423,160.07005,-81.2776,92.86208,155.19339,-72.95857,210.84952,200.47343,-107.28484,121.0799,198.89723,-87.96611,201.20515,211.32478,-123.90949,127.59473,212.53589,-104.12344,196.99388,208.04504,-133.39417,133.5499,208.46977,-113.42994,198.2941,203.351,-110.17095,132.43257,203.31114,-91.0059,183.98367,223.20326,-0.832743,147.52936,222.2022,0.9594118,179.76128,302.67548,10.146312,152.59915,302.7289,18.85164,175.4104,368.16055,154.91783,158.70073,369.69885,158.59824,174.70552,376.09372,164.19612,160.39824,376.38934,167.1004,176.23512,393.0087,72.39258,154.32292,394.5559,73.16734
_2.jpg,145.27608,42.358692,280.78192,139.87163,35.487812,246.16165,136.05722,35.62341,246.1497,132.51128,35.6893,246.20796,151.18396,35.053226,254.39474,154.78485,35.06724,254.41985,158.12758,35.252567,254.27515,130.1219,37.896233,120.24926,161.19221,38.315517,155.69223,139.9442,49.53997,240.19194,150.7013,50.33329,250.18536,104.85991,86.37947,13.629682,194.22891,85.838936,123.22459,81.495026,154.87863,43.46026,221.87584,153.7768,176.10074,94.15376,197.79393,156.55441,200.0546,195.13905,274.75543,95.235016,208.66492,175.51682,199.76442,206.84914,301.60522,98.36622,206.98701,184.33894,194.31586,204.16672,298.6752,99.17462,202.30066,165.11914,194.42772,199.17955,277.5705,124.82008,221.40964,-54.3594,170.92273,222.38766,54.649467,109.58398,309.04465,-5.184687,163.62305,312.99332,142.72394,127.66512,408.7135,-46.39801,157.17441,402.1489,104.40139,136.29369,422.68573,-51.296867,161.72862,416.20932,97.09973,102.70947,433.96753,-69.91099,147.54468,417.07648,80.91231
_20.jpg,157.61847,187.313,-3.702337,152.27864,181.2608,-19.302162,148.57492,182.20964,-19.324684,144.66182,183.02473,-19.268353,162.7157,181.14745,-17.387865,166.74634,181.63248,-17.376822,170.1548,182.09195,-17.453312,138.28943,188.46092,-82.13693,172.10399,187.5826,-75.20432,151.19327,197.78708,-23.047466,163.74277,196.73363,-21.315323,107.77157,244.19333,-102.29882,193.16057,242.94731,-100.02902,87.76265,320.97513,-90.606255,209.6525,321.46957,-111.99822,81.33944,394.2316,-56.547062,233.00122,394.03714,-119.55482,80.534615,408.13687,-63.669384,238.22157,409.81842,-139.73425,84.23366,409.35278,-70.18431,234.59569,412.16183,-144.29428,86.83377,405.5139,-58.101868,233.22328,408.00974,-122.320786,122.65849,354.20468,-0.7991032,172.84761,354.93774,0.7423505,125.27951,404.4364,46.18853,179.16528,397.08688,100.5339,139.82343,455.022,86.97433,156.41347,450.5874,170.0737,142.49101,463.4765,88.59088,151.81136,460.07144,174.12459,139.5928,459.7859,64.602,148.16988,455.69357,161.62988
_21.jpg,177.78596,113.546974,-122.0705,181.08983,106.43363,-113.04576,183.8145,106.032684,-113.142624,186.28648,105.67978,-113.21126,173.40495,107.13558,-109.443214,171.06276,107.23015,-109.45752,168.90932,107.344666,-109.493576,190.7263,107.34172,-46.204536,167.35994,109.67273,-29.150946,183.6311,119.45568,-95.794846,174.26733,121.06682,-90.87452,211.3945,146.7134,-29.949291,152.26634,146.64404,18.68411,200.30518,187.72345,-104.8242,143.69597,185.64932,-52.096706,159.69955,187.10376,-192.3241,180.06944,182.99727,-167.15681,149.11377,186.90082,-217.59586,192.01405,181.36916,-190.12299,150.79773,180.42998,-208.05719,193.28893,176.43448,-186.63022,152.36662,180.61555,-189.48003,187.57248,176.86436,-168.40364,192.91733,242.08261,-16.370499,160.89735,239.66661,16.557724,197.84688,311.81058,-24.572237,170.37659,307.8963,23.19035,198.12827,374.5621,111.08337,179.37677,362.702,179.99287,197.75754,377.3095,119.03458,182.22841,368.68152,190.26643,200.156,384.58234,23.61898,170.52043,377.71353,104.64159
_22.jpg,120.036285,62.068142,-220.0165,123.75623,52.314476,-210.45934,127.28385,51.427685,-210.5581,130.90042,50.50102,-210.63747,114.5913,54.39159,-205.00314,111.80664,54.955658,-205.03003,109.238464,55.547623,-205.0724,137.3207,52.712784,-124.05446,108.38255,58.98297,-97.7689,128.61288,69.36077,-185.27602,116.994095,72.93047,-177.693,176.19778,95.86675,-73.47723,95.040146,109.21143,-7.3774133,192.35802,156.97682,-92.4039,84.15611,165.55095,38.629948,177.35912,194.98502,-209.45073,89.87341,206.25032,-64.29089,175.71089,210.09357,-245.12941,91.28011,222.57124,-89.78954,170.16129,204.26204,-260.3014,97.11192,220.6069,-115.386375,168.84508,201.47563,-217.16884,98.40634,214.57678,-76.643105,160.26123,225.32799,-20.930376,116.737686,227.36871,21.136105,176.95177,315.4112,-29.710047,128.33928,314.0738,19.811775,195.05882,390.8792,112.1432,150.66232,391.7161,167.15146,196.89714,401.06085,119.27019,160.11519,403.76837,174.87709,189.90538,420.5105,10.492245,134.8601,417.67795,71.31952
_23.jpg,79.6207,134.84238,-160.45424,77.188644,127.415794,-153.90889,79.41699,124.37401,-153.89598,81.67462,121.75319,-153.8759,73.12458,133.31755,-147.9071,72.302765,135.30171,-148.00537,71.22051,136.7635,-148.07005,91.42988,119.70095,-101.10146,74.04482,139.98949,-72.84361,92.19877,135.07181,-139.88263,86.34249,142.92332,-131.59087,141.50882,151.16472,-69.68253,89.49738,179.8462,-19.987123,159.12549,207.15938,-82.40101,92.80289,238.03668,9.754784,162.96388,246.25511,-150.40083,93.07257,289.44556,-7.092421,174.73218,263.13916,-170.37746,92.55982,307.32123,-12.4866295,165.43895,260.82355,-181.47772,95.94982,307.49487,-33.737568,161.17587,256.29904,-156.43227,96.669914,301.67163,-15.069736,154.03896,250.6546,-28.189955,120.693985,253.28368,28.426317,147.39198,334.07922,-45.57755,106.56676,337.02127,21.093628,141.59367,404.39606,36.126247,102.58615,409.2001,89.70609,143.60031,413.93213,39.689953,104.447685,414.5371,92.072,132.21846,431.91672,-43.75711,91.13814,427.19772,11.702436
_24.jpg,142.54478,60.663708,-212.22931,149.89023,51.67571,-210.29216,153.5331,51.56084,-210.40833,157.41899,51.567978,-210.51376,143.96371,51.68531,-196.70102,143.11078,51.508324,-196.74591,142.28711,51.26136,-196.78467,169.51205,55.98587,-168.9945,149.1539,54.499348,-106.54274,151.34454,70.895515,-195.08528,143.34062,70.97637,-177.27173,197.33345,107.68755,-171.78807,133.60686,104.69527,-10.978753,208.76466,176.13475,-180.98737,124.17383,167.01352,31.783764,199.18207,234.36057,-200.85536,107.425575,220.38455,-24.889576,198.87273,250.73834,-224.95992,106.1979,239.11064,-33.969128,191.60394,249.17615,-234.87991,109.11255,239.93199,-61.650284,189.66838,242.59554,-203.83786,111.34631,234.07643,-37.55022,175.83563,222.92592,-59.810013,140.20102,220.68944,60.06917,188.52486,308.13132,-58.836166,147.44939,299.6262,123.913765,200.56583,394.8446,-2.339582,148.69606,377.38022,225.15334,205.77818,407.72946,-1.9163764,155.32208,391.5923,230.53925,176.15694,424.29285,-90.08075,114.786224,398.56885,171.83534
_25.jpg,130.92867,26.826368,168.06477,125.09791,21.832054,144.10748,122.42572,22.320593,144.0244,119.04648,22.712624,144.11848,134.40863,20.870028,141.08209,137.5483,20.858091,141.0302,141.16002,20.929947,140.7866,117.11795,28.68463,53.697186,144.59874,27.370562,38.658745,127.18629,36.94295,141.49107,136.95987,35.661633,137.21442,91.59839,79.21943,65.96625,175.20862,80.531166,-39.604923,93.91421,145.80579,165.04655,189.91644,161.05394,-8.552894,121.6536,160.99846,280.95148,207.98172,220.72601,57.9362,122.51438,164.42976,304.95755,214.78296,239.35054,59.626427,135.17305,160.45314,299.71384,212.82379,237.55408,55.618137,135.30666,159.36807,282.647,208.23387,231.93169,60.33734,118.56369,221.25862,39.028988,158.01395,225.66077,-38.798233,126.07778,323.0093,130.67264,170.99104,320.34344,33.69817,133.70958,415.90506,179.27936,145.83246,415.01422,126.47668,126.921585,426.8454,181.62679,139.02357,426.0239,132.50046,139.11101,434.04944,142.93823,161.3047,435.68265,87.46639
_26.jpg,178.01094,57.16812,-230.30588,178.79372,45.414734,-219.49435,181.58301,43.744644,-219.54573,184.74805,42.174423,-219.56618,170.17152,49.70089,-216.04636,167.0823,51.014893,-216.0837,164.53348,52.0482,-216.14626,190.89299,42.948483,-130.85391,162.54187,55.899662,-114.489555,187.10228,62.39745,-194.57664,175.37552,68.8515,-189.79202,235.95665,92.3303,-68.78787,149.87796,104.2378,-38.08531,256.96436,160.81792,-54.94942,126.678375,159.62022,5.7857594,252.61534,214.18878,-131.22932,131.51218,217.34541,-76.83043,251.94336,232.38626,-154.4374,131.88002,236.8623,-96.50425,246.74771,229.25784,-176.94223,140.92249,233.95807,-122.81249,244.66895,222.91808,-140.19144,143.10771,227.40613,-87.63813,219.68079,228.42537,-11.310222,171.92,229.83348,11.443501,225.86966,321.38165,-31.134798,173.26501,320.2195,0.19860847,229.70006,409.12195,75.7579,186.25159,407.24,116.07096,227.21904,419.23715,79.38418,193.55734,418.44513,120.63439,239.35274,433.91794,-19.91359,165.3799,432.03723,22.53454
_27.jpg,155.25635,55.306118,-159.54565,159.74756,47.798183,-141.13026,162.18509,48.044212,-141.20555,164.87401,48.29253,-141.25969,149.83475,46.974358,-144.88152,145.97426,46.671616,-144.94899,142.6281,46.33743,-145.04308,167.14851,52.587685,-34.572178,137.49985,49.906227,-51.136173,159.85527,63.052444,-118.75975,147.39258,62.82242,-123.43034,186.825,102.33191,21.466663,109.10196,106.288185,-6.5035224,196.47893,155.40717,-67.671104,107.528824,165.88927,-77.57357,157.14095,155.95308,-229.9855,161.81624,156.94461,-190.88722,145.22716,158.49599,-263.35974,175.22249,156.44829,-220.73111,145.245,153.34383,-257.7128,174.5646,150.87624,-214.13675,147.02612,153.36433,-230.55327,171.42696,151.03514,-189.3732,171.52097,227.61838,5.616302,128.88281,229.2211,-5.4240046,190.56961,319.74164,4.108539,109.87767,326.0162,5.1231394,197.85603,412.74207,125.32468,97.05737,410.19965,146.37047,192.37563,424.02448,129.91124,100.03742,420.6488,151.95631,210.76822,434.47583,15.458175,81.1786,438.95175,31.298769
_28.jpg,109.934685,11.263722,-75.84403,117.60312,-1.4162467,-94.81692,120.870735,-1.6510203,-94.9608,123.91442,-1.9079223,-95.065704,114.20669,-0.748457,-65.941696,115.163345,-0.7139504,-66.01196,116.146034,-1.0523782,-66.17513,139.63025,-0.23150146,-141.08168,133.76341,-0.4605353,-10.574043,125.04314,21.23203,-88.83051,122.10735,21.822104,-51.051277,160.24516,62.796024,-200.27017,164.59573,59.56808,84.11017,148.19019,159.77449,-210.69807,152.6895,148.31487,127.435715,109.96123,210.95782,-122.256004,122.23719,196.16699,67.784096,104.07282,222.05882,-133.13907,118.137985,209.67458,64.40201,102.56596,220.981,-126.70597,114.90144,209.43031,44.84791,108.04265,211.86607,-115.33428,118.29779,204.83563,56.758514,156.62527,229.37163,-87.000916,153.3264,228.80815,87.363304,159.9265,344.67404,-49.94501,154.75586,337.09113,132.20566,179.56053,448.8097,41.267166,175.9306,431.8553,223.34828,192.16148,462.6772,45.65506,189.4491,442.71753,227.75395,143.94234,491.02762,-30.655172,142.12036,460.02246,172.37746
_3.jpg,132.87419,55.25065,-72.11132,135.86,45.69005,-58.9669,138.76733,44.820328,-59.060383,141.53134,43.7874,-59.11651,127.65758,47.11182,-59.125015,124.92698,47.35357,-59.14614,122.303276,47.497616,-59.227543,146.31757,44.081528,21.809862,119.56355,48.901886,21.48554,139.1457,61.065853,-40.295887,129.59927,63.293694,-40.400345,179.11728,86.40928,59.037075,101.991295,95.37246,61.907578,186.14876,147.30563,56.762653,102.572235,151.90364,44.072598,187.17638,190.48053,-19.083418,107.44255,163.00018,-64.19784,188.08447,207.58208,-32.641613,107.59492,174.12654,-83.31588,183.56842,204.95323,-45.98491,109.62659,159.11462,-94.02254,182.34297,201.28476,-24.34202,111.52802,159.39938,-69.79638,168.18095,211.50848,1.8721406,126.03999,213.1146,-1.8171448,192.73318,304.30182,-29.351688,126.020966,307.51114,-15.816363,203.59222,404.60806,-0.56935364,136.51936,401.92944,33.988144,193.45634,418.1021,-3.7580185,146.69687,417.9455,32.21129,228.99649,429.0656,-80.56728,123.54163,429.80972,-41.955215
_30.jpg,141.68661,51.457924,-269.71225,147.16055,42.562393,-256.83032,150.59447,42.660736,-256.91443,154.24683,42.93258,-256.99036,136.73997,42.58916,-258.63623,133.15652,42.658577,-258.68848,130.18309,42.677795,-258.71725,159.34029,48.16043,-169.00493,126.94677,47.699505,-176.6481,148.60136,60.517876,-235.89494,136.76593,61.147648,-238.10014,187.31241,102.69612,-113.20905,99.54921,102.69256,-119.03513,199.70168,160.8584,-99.54858,87.17235,161.69821,-99.40015,194.06873,206.81628,-182.26881,94.233246,209.44487,-184.54773,194.89566,224.60977,-210.0948,91.541084,224.43826,-210.65318,188.12537,222.99301,-231.02924,97.95798,223.12738,-233.27373,186.0665,216.28185,-192.22458,100.09076,218.48381,-194.81706,164.50514,220.35567,0.73908544,116.957794,217.13365,-0.49581358,158.64873,296.02332,22.325575,114.64261,292.33453,21.517454,150.13585,367.36206,148.38315,125.253555,364.8538,166.75221,148.12146,372.9477,156.53674,127.87994,370.93668,176.3901,147.09547,400.71783,65.23421,121.73274,397.9577,83.8878
_31.jpg,133.96475,57.50475,171.16418,130.32843,50.317505,145.05724,127.49254,50.12928,145.02725,124.551285,49.852943,145.09068,138.36632,50.682472,142.28333,141.00287,50.829174,142.26392,143.72722,50.98756,142.10881,120.337654,52.6286,51.024204,145.28416,54.314598,36.52281,128.66934,65.31278,143.17786,137.16429,65.89585,138.73285,83.10089,102.55255,16.353506,170.66945,104.11581,-8.653046,75.63521,173.85468,73.51585,190.51137,172.96692,54.180103,94.02624,212.74274,158.79604,180.68794,211.43587,169.24945,95.04948,225.12306,177.06026,180.12769,222.12392,187.88223,98.543655,223.00659,177.95427,175.59084,221.07018,180.91014,100.16432,217.62132,162.4885,174.8952,216.93655,171.56877,106.32206,220.82935,7.774141,153.6921,222.58527,-7.616063,102.56024,303.85007,109.72798,153.41109,300.71136,96.65279,95.376915,399.50632,130.8542,147.4481,392.28198,123.481926,94.1399,413.9892,130.29004,146.00854,408.92523,122.97897,88.55232,398.64987,111.55878,161.91183,392.25363,100.24348
_32.jpg,144.46112,44.175995,-110.007965,152.07191,37.325233,-117.67202,154.39008,37.41879,-117.78589,156.75323,37.51025,-117.92579,149.32544,36.992867,-97.670784,149.45955,36.81317,-97.682335,149.51923,36.523933,-97.67321,167.89378,42.670727,-120.15907,157.99501,40.7756,-28.766468,151.0204,53.752502,-108.8219,146.9923,53.38473,-82.5818,191.66731,86.77856,-149.43372,156.34912,89.62128,58.4517,234.92162,134.18024,-158.45648,171.70628,141.92787,93.35504,204.29312,179.76729,-124.66469,163.62668,181.4694,25.479218,199.18845,194.71434,-139.36497,163.2046,195.9106,16.755865,192.50284,191.35443,-137.17722,163.37596,189.61893,-3.50501,192.30212,187.16646,-120.16122,164.3001,186.67282,14.296833,185.4179,201.7297,-74.97042,158.39677,202.96823,75.18159,192.50197,287.55603,-66.76121,164.919,284.98236,95.91799,200.51546,375.74283,-19.422014,176.42828,365.725,151.80414,208.59406,388.66684,-18.781448,186.98067,379.23178,153.01091,166.82582,400.9187,-91.41775,141.89029,384.76892,103.980415
_33.jpg,143.0726,55.722183,-217.06364,146.49991,46.465744,-197.94516,148.89047,46.731445,-197.96857,150.971,46.974907,-197.9839,137.83578,45.126556,-212.8397,134.1161,44.45779,-212.89638,130.43413,43.767025,-212.9476,147.39015,50.82904,-86.758446,121.798805,46.540848,-152.42082,143.72289,66.248375,-173.45116,133.36487,64.912315,-192.72557,148.8609,106.08622,19.672184,86.59862,94.02793,-139.34508,155.63788,165.73776,71.09604,31.852734,138.50903,-171.4871,197.12132,207.55272,-14.923296,81.79302,189.14098,-250.70485,210.29625,220.07532,-27.151262,91.515076,206.90968,-278.2883,211.3659,221.64429,-56.593372,100.8809,203.9924,-281.23407,206.06696,216.44046,-29.878584,98.738266,196.28378,-252.30244,137.73586,217.34987,60.565514,104.0409,222.10742,-60.362167,226.2993,239.2722,-12.355444,117.565926,313.4403,-55.008762,214.15547,323.8913,90.06398,127.22637,401.27896,81.835045,203.09053,336.53873,97.96134,120.643326,409.7878,92.19431,254.43282,337.808,44.607502,151.72777,431.31635,8.020454
_34.jpg,122.75027,50.593742,97.721085,119.01095,42.93758,85.92911,116.254616,42.675755,85.84883,114.35601,42.590446,85.90863,125.515465,43.56173,80.018005,129.10019,44.019703,79.97339,131.655,44.307034,79.8244,112.06087,45.44967,43.2413,131.59904,47.70129,15.831927,119.43351,57.632324,86.74294,126.099304,58.685417,78.75893,83.533875,98.00557,45.865517,145.50609,99.24433,-33.381477,69.58367,159.8181,70.16226,138.77522,172.36115,-38.324398,94.002815,209.49098,73.2608,127.59642,218.49825,-23.242863,94.12571,223.64497,70.70864,118.46134,225.99695,-34.384365,94.97205,223.90128,61.63292,117.70767,226.56558,-38.605312,95.03412,217.90694,69.28155,118.231804,221.2365,-23.922014,100.44265,215.39682,36.872257,123.669075,214.22725,-36.60217,98.47939,305.25824,86.46158,141.30196,301.0003,18.42751,99.1977,362.36017,156.29616,135.92169,360.31375,97.77431,95.394554,388.9166,159.4054,132.17702,383.8283,101.49555,102.50113,398.72635,114.431076,151.58168,389.2267,52.262417
_35.jpg,150.163,54.976204,-276.92355,154.8401,44.858646,-263.1787,157.99098,44.531536,-263.2694,161.17998,44.121346,-263.3787,143.96645,44.835297,-265.7772,139.93344,44.435246,-265.86038,136.5855,43.876354,-265.92554,164.56525,46.703037,-152.66121,131.97903,46.332104,-163.43498,156.00702,64.522224,-232.73965,143.53136,64.69606,-236.11366,192.24783,95.26097,-90.178154,103.07558,102.517876,-66.754486,212.83328,162.8745,-193.98976,88.54117,167.7818,-41.14396,177.49533,141.45206,-390.1638,105.22537,212.113,-125.05687,162.97247,133.81104,-438.25583,108.255615,229.21098,-145.66272,161.54613,125.09557,-433.25104,116.7683,226.1684,-165.24684,164.39471,126.06342,-392.4063,116.82389,219.82928,-133.15726,179.02515,227.641,-1.3662807,129.00038,229.68065,1.634256,184.19135,325.33765,10.554448,134.62514,327.58167,-2.2405221,187.971,412.29044,155.76598,144.14232,413.0531,127.71949,182.72011,422.42264,162.86119,150.43527,423.1548,131.71979,204.76591,436.4898,49.872765,135.67378,438.448,12.377391
_36.jpg,177.47758,57.393036,-158.67793,184.80565,49.569286,-153.78293,188.52762,50.082863,-153.8582,192.17957,50.64823,-153.9631,175.09428,48.002987,-137.90842,172.20355,47.3292,-137.94731,169.52829,46.621754,-137.99155,197.61543,55.194927,-92.27494,167.90086,49.22583,-21.247149,183.47263,68.133606,-133.40477,171.73627,66.30175,-113.1284,200.1692,102.51518,-109.36874,160.21767,96.29571,93.6248,161.985,148.70871,-114.58874,133.3891,145.36162,55.13068,164.78795,113.03794,-84.80636,155.33473,149.61646,-111.16318,166.15361,104.374245,-105.3501,161.94116,152.34912,-133.60461,172.938,96.41103,-110.807144,163.35118,145.93752,-143.01552,172.33176,104.03024,-85.157166,162.58446,145.63182,-120.84946,175.9665,218.21811,-70.734116,159.91286,219.57585,70.93135,179.5974,312.47662,-63.266,164.29288,308.51166,76.47061,174.0783,401.3535,0.21843472,170.7447,390.0817,150.6843,181.09204,415.67776,1.2444854,179.4916,407.5868,154.13628,145.69206,433.16132,-88.973755,146.94667,424.33594,87.9213
_37.jpg,155.69054,33.458492,-160.82526,161.8049,26.380531,-141.96935,165.53455,27.608393,-142.04175,168.96063,28.802849,-142.11205,150.41603,24.16559,-145.87807,146.64615,23.924755,-145.98474,143.25853,23.752222,-146.08069,172.94312,35.26956,-34.884827,138.8583,29.708736,-53.36068,161.70547,44.768055,-120.346756,147.69936,43.063015,-125.272446,193.12537,81.65263,38.310238,114.11221,84.281166,3.052537,216.06685,142.08896,-6.400533,96.079216,146.05719,-29.853476,248.43823,103.01391,-162.6982,53.943882,109.83602,-164.87773,258.58188,93.92455,-189.85297,40.265312,102.164116,-190.29547,258.85855,89.00835,-201.79634,38.163292,96.31368,-207.1106,253.42494,92.18355,-172.7168,45.002594,100.256,-175.65642,178.71725,205.75029,9.868806,134.55249,208.17914,-9.517336,176.28264,305.27338,-18.746054,137.45534,301.73053,-37.98352,167.5877,389.02246,98.69919,143.31569,388.7202,80.18193,164.04558,391.82132,104.28366,143.95781,391.53186,85.63789,171.95007,399.44058,8.574883,140.6404,396.96237,-12.695434
_38.jpg,153.60175,58.035976,-266.81268,158.63614,48.76173,-254.01962,162.08403,48.66517,-254.09329,164.99596,48.652348,-254.15886,148.11893,48.86419,-254.69037,144.74837,48.77117,-254.73727,141.50139,48.664486,-254.79532,169.4306,52.781017,-159.00548,137.27469,52.53078,-161.81747,160.29561,68.11416,-229.91783,148.1718,67.96635,-230.79361,198.08124,107.85962,-99.69306,108.71034,111.03322,-93.49127,210.40337,176.07744,-64.033325,93.9867,179.75424,-49.92517,213.5989,234.50803,-120.69482,93.39326,239.95079,-87.42705,212.35323,253.78732,-140.23927,92.12828,257.67453,-101.17496,206.98244,253.69243,-163.48376,96.91079,256.37473,-129.43161,206.06833,247.00484,-130.67683,98.98599,250.9357,-98.725624,178.11551,243.70175,-2.3579872,126.0029,242.79485,2.4556684,186.12038,327.99283,51.592525,118.5998,328.61987,81.35052,197.52635,408.2194,167.2075,113.2267,407.9853,205.66763,190.21504,419.8942,172.13988,119.24673,418.08997,211.26852,213.83926,433.98053,76.49814,89.2387,435.57745,116.0974
_4.jpg,146.10555,67.93063,-206.44774,150.67065,58.24311,-193.6288,154.18698,57.915516,-193.74513,157.69052,57.60618,-193.83658,140.71764,58.91279,-196.13548,137.43079,59.149723,-196.1576,134.34756,59.488163,-196.19542,163.00386,60.46104,-107.58685,131.90323,64.140564,-119.4697,153.98907,76.42759,-172.99255,142.27563,77.98139,-176.43814,193.55977,106.71554,-62.52562,114.10566,118.23763,-69.54397,208.30678,168.44469,-34.412,117.88899,178.8517,-56.78103,210.63884,221.70528,-80.91537,127.50394,225.73843,-129.12141,212.52977,237.83977,-99.625916,130.11157,242.85214,-149.5507,208.24542,238.3618,-120.85995,133.25941,243.17854,-171.42969,205.24951,233.69244,-89.64235,135.93488,236.3304,-138.74855,188.07945,232.85059,2.689907,146.46594,234.00267,-2.4246671,184.63074,318.06485,16.76495,146.34837,318.81784,7.015278,173.93066,392.76675,131.84756,154.30399,399.1943,122.01988,169.29575,399.4402,139.155,155.51706,406.35483,128.37247,189.0637,425.0017,58.59344,153.04634,430.11624,38.099674
_40.jpg,169.85294,110.07163,66.59594,175.58092,101.15856,90.080505,178.97849,102.239716,90.006584,182.1536,103.25134,90.05506,162.77417,98.87534,86.653946,157.76906,98.623375,86.48683,153.4986,98.4905,86.470314,187.15656,110.13676,188.33931,146.1592,102.122665,169.71817,175.17099,124.2541,99.82704,159.07239,122.57904,93.88109,204.99113,162.13748,214.58553,117.31119,150.51224,165.82715,214.4297,230.90309,105.35936,81.91286,202.85233,31.843733,225.7738,256.92786,-57.80028,93.58251,154.0576,-145.41963,232.7328,266.89154,-70.02204,90.79086,140.89273,-183.61484,229.61887,258.62506,-74.41734,95.18637,133.63803,-162.12875,223.98047,256.97647,-62.829784,100.57162,139.15407,-141.53181,176.14899,250.45921,15.467918,128.95096,246.17883,-15.321762,187.30739,296.86136,-294.2781,130.28113,297.34485,-264.7515,170.59633,377.65353,-490.8047,133.81207,380.31342,-436.66138,157.3622,400.884,-517.1118,135.03235,395.29733,-459.46362,172.06688,395.1426,-608.86755,130.30632,385.17075,-548.047
_41.jpg,116.256165,80.03351,-275.28165,123.068474,67.225975,-249.48814,127.489525,67.26939,-249.61426,131.78328,67.19823,-249.68906,108.015305,66.500114,-260.42825,102.79592,66.12198,-260.52905,97.57383,65.794334,-260.64957,135.15857,71.065384,-99.804405,91.56628,70.51582,-148.93758,124.603836,92.11702,-218.45502,106.14828,92.18251,-232.23236,162.69757,144.22527,-4.1943355,59.093494,149.99377,-132.2245,173.75551,226.23108,-45.276035,92.82739,230.74913,-188.35223,183.76947,235.07936,-223.90346,200.12637,226.63228,-242.04094,188.2979,245.90723,-258.94022,225.57578,226.00002,-274.78204,188.8798,237.2655,-272.38705,229.38458,214.71928,-271.70267,183.08546,235.75198,-233.94014,220.24693,215.81306,-240.56102,146.26997,319.4613,35.702335,90.22911,317.2941,-34.776154,154.17159,434.8231,49.793377,91.41712,429.3639,-61.76998,156.0013,531.8179,263.848,90.034225,526.9914,238.64426,152.27904,546.6781,279.89505,87.46737,542.0207,262.52673,165.4765,566.23114,150.91473,106.20477,560.7276,122.09596
_42.jpg,151.49997,117.92115,-62.032436,156.99277,112.29591,-77.018196,158.56673,112.29394,-77.072685,159.55481,112.34752,-77.09722,156.40253,112.5092,-52.907494,157.11188,112.71911,-52.92962,157.90704,112.84964,-52.97067,169.33456,117.820656,-114.56124,167.06439,117.51304,-4.6670036,156.86435,126.1111,-73.39757,155.99043,126.638824,-41.624657,179.82932,157.54352,-163.11003,174.2061,157.42772,66.86388,179.1333,220.48335,-193.73967,171.09877,210.99869,93.86833,163.6564,272.1772,-170.59642,166.30013,253.25826,51.039635,161.49861,284.75024,-190.5406,165.03328,263.22684,48.75038,160.65742,285.50186,-185.81311,165.36337,263.90338,32.202003,161.39197,280.30557,-167.6755,165.72116,262.43277,41.486565,179.1395,261.99072,-68.633766,176.89536,262.46207,68.75599,174.8163,343.848,-53.642735,173.39868,339.11136,77.2518,182.10298,425.65985,-7.028482,180.40573,413.64267,130.96527,189.5108,434.96875,-6.55873,187.2396,424.77676,132.7036,151.1525,437.35678,-71.19934,154.25298,430.81775,88.68761
_43.jpg,152.83685,92.14591,-164.20847,154.83441,85.69339,-153.2427,157.36533,85.87921,-153.32065,159.2223,86.07806,-153.40875,147.16943,86.01152,-153.71225,144.53806,86.38723,-153.72797,141.73187,86.841034,-153.73723,160.85657,90.65082,-81.53847,137.86382,92.12925,-83.5555,157.34413,98.99101,-136.31314,148.02841,99.65711,-137.0538,181.84943,132.90627,-60.662617,119.01342,139.91647,-18.86133,191.57266,185.5656,-56.634167,111.43183,190.92201,3.0627055,194.1322,230.34128,-114.035736,107.459236,236.01057,-54.22424,197.40472,244.05656,-132.72934,104.260666,250.64264,-66.5886,192.10857,243.02278,-150.40225,108.01642,252.38986,-90.12851,189.99675,238.19623,-121.273994,109.981255,246.6418,-64.26223,173.09607,231.01633,-21.219229,137.25577,233.58752,21.353031,178.8381,304.0719,-34.332775,137.51732,302.8142,20.621212,189.76169,376.28827,20.527914,143.97725,372.12054,90.22775,188.31786,386.7872,20.616098,150.73297,384.95602,91.70808,186.72002,400.8586,-52.112553,122.86429,391.18948,25.874868
_44.jpg,120.2915,45.771683,-233.03912,125.66627,36.607018,-218.2064,129.39885,36.62594,-218.31174,132.74501,36.74381,-218.37962,114.32371,36.56068,-220.69641,110.23856,36.499004,-220.76472,106.63538,36.38702,-220.83948,137.47942,41.069878,-117.08878,103.52701,40.728138,-127.60804,127.42055,55.8514,-193.27531,114.00895,56.522873,-196.37944,168.06613,92.036865,-46.525505,80.73079,100.08559,-65.15165,184.43175,158.73042,-24.614487,67.30185,162.80998,-38.170746,172.8387,207.52829,-120.41368,80.626114,207.73582,-128.53067,170.30443,224.28993,-150.14114,83.27131,226.35907,-156.44073,164.18005,222.83955,-172.32744,92.793304,221.9113,-181.72165,163.4656,215.7932,-130.39337,93.50181,215.9102,-139.56253,153.64914,225.27077,11.407532,104.62761,225.34718,-11.214478,166.38086,322.5904,-1.1399304,106.4095,321.04373,-23.35883,166.60777,419.5438,86.93676,112.884735,409.3171,94.6091,159.38553,434.08923,88.403145,117.73735,422.33575,97.671936,196.93094,438.66568,-12.147864,111.50468,438.34103,-7.8654904
_45.jpg,151.05635,58.84945,-197.57927,156.02124,49.849873,-187.24344,159.07578,49.55094,-187.36165,162.2664,49.354282,-187.47386,149.84775,50.37682,-182.9717,148.50194,50.384827,-183.03185,147.22102,50.362926,-183.09749,170.14809,52.48226,-110.80347,150.07701,53.149487,-90.18198,159.40161,67.546394,-167.43407,150.81836,68.30787,-161.59628,201.94919,100.38851,-66.21548,126.28382,102.91443,-19.050447,206.06174,159.94295,-58.14091,115.64387,161.27681,3.129324,188.68085,199.61487,-133.68143,132.38228,206.46875,-88.190186,186.07242,213.12051,-162.79758,134.63779,219.65157,-111.40874,181.1974,210.04527,-177.8571,142.22064,220.60394,-131.33682,180.59607,204.34532,-139.9061,142.12189,214.08163,-97.428894,177.90753,218.27263,-15.72883,136.13031,216.25264,16.00582,192.56956,311.0953,-44.54429,137.36708,309.62445,27.152464,201.68135,398.8992,32.161655,145.43793,389.6344,116.0361,190.67767,410.858,32.710476,152.3606,405.58798,117.044136,208.41245,419.86328,-72.06957,119.78649,415.67892,21.601662
_46.jpg,138.78987,95.177704,-44.531822,138.93462,85.17831,-51.326954,140.93077,83.80369,-51.40669,142.80553,82.29181,-51.45042,136.32877,86.608116,-32.322758,136.52486,86.290405,-32.332417,136.6921,85.8027,-32.382797,153.43648,78.17927,-50.470783,144.7972,82.36829,36.082348,148.25731,98.58987,-41.31223,144.81471,101.17043,-16.348524,198.70065,111.44952,-88.77123,150.7499,122.88986,114.06642,201.16696,171.87074,-120.6927,150.60344,172.90817,149.19249,178.76991,221.56424,-116.270195,139.1955,211.91605,87.851204,176.36333,235.4673,-135.5316,138.19888,226.77536,82.72767,169.32887,234.22002,-136.02362,138.55673,225.75365,61.792477,169.1931,228.28745,-114.767685,139.50194,219.55844,77.13974,187.67159,223.69955,-63.952366,158.02255,224.38472,64.09983,186.80109,303.97586,-70.75759,156.64836,299.3735,69.64429,193.20697,387.74194,-34.396915,170.40753,381.2597,121.27966,200.13637,400.10367,-35.853954,178.72926,391.88876,121.59814,173.22653,409.39243,-113.478714,141.81111,399.32434,64.17282
_47.jpg,150.82265,48.519512,-226.8017,156.83076,40.359386,-212.15517,160.55981,40.80022,-212.21864,164.00896,41.198303,-212.27875,146.00249,39.542038,-211.822,142.12398,39.514343,-211.90349,138.72324,39.489964,-211.98778,169.35088,46.43302,-110.62043,135.13763,45.375427,-108.13735,157.54846,58.322193,-186.73386,144.02722,57.84244,-185.91624,190.91014,94.11388,-40.0904,112.57163,94.944565,-37.42453,215.14613,149.89404,-46.25132,84.85147,148.27756,-28.909685,176.24913,177.11957,-173.40298,124.2153,174.818,-141.77263,167.45415,185.73357,-209.11403,133.25102,184.98944,-173.96558,161.73434,181.09639,-219.52032,137.79106,179.89885,-184.3684,163.6041,177.84447,-178.74911,136.25381,175.75359,-147.0618,172.51405,215.41766,2.4551466,127.45576,215.05853,-2.0404606,163.77762,315.56516,-35.774635,137.72934,313.4246,-23.71001,155.53822,412.96378,79.41542,142.30667,407.83798,86.751724,154.09811,424.0427,85.05198,142.41612,421.27698,91.54773,156.86092,440.08264,-27.616505,140.32715,437.5052,-20.360987
_48.jpg,156.17581,161.15096,-171.54839,158.43694,157.76,-163.2298,159.49495,158.14392,-163.2561,160.6041,158.49902,-163.3005,154.69063,156.52689,-166.57596,153.10045,156.0131,-166.63666,151.44833,155.46945,-166.64075,160.07245,160.58116,-107.23671,147.51567,156.94409,-122.65764,156.48991,166.36064,-149.51627,151.93675,164.8211,-154.04124,166.41235,182.41333,-66.98147,127.74026,181.54593,-83.7439,170.82516,212.07596,-41.625908,125.86843,209.97217,-71.09327,169.37404,242.6422,-78.44087,132.39252,239.07446,-96.75153,171.30898,251.92783,-90.825035,131.72662,248.90042,-109.25517,169.99213,252.15892,-105.26286,134.1488,249.18726,-119.81627,167.69661,248.53448,-85.07859,135.34288,245.14728,-101.05872,158.52228,235.67133,4.362964,140.41083,236.49487,-4.1994886,162.34137,287.00443,-16.060469,142.96442,286.2456,-25.991293,160.66,328.67825,49.095238,146.17235,327.15082,44.01462,159.44357,334.13492,52.599953,146.24115,331.88928,47.95521,162.31154,343.6665,-4.9677286,144.79521,342.0073,-10.364122
_49.jpg,148.81976,78.08141,-62.63271,148.22044,71.69648,-50.72729,150.05438,71.302734,-50.752373,150.35648,71.0757,-50.724354,146.82802,71.81388,-62.599594,144.73172,72.09302,-62.625576,144.27159,70.63487,-62.670353,151.36795,72.21376,10.325747,142.31265,72.656845,-44.212418,151.64107,83.205795,-38.62795,148.79288,82.849724,-54.442116,158.49118,104.95367,66.71291,129.57365,106.16243,-59.00242,185.5114,82.6011,89.08101,97.36149,83.67027,-90.71608,154.46132,65.984314,136.7863,125.616035,67.333694,-27.550795,148.85703,65.83077,143.6893,131.14503,63.276447,-32.894726,148.75365,67.13829,150.00041,134.94922,65.93404,-20.851063,148.8435,70.965256,139.20638,132.20769,67.399315,-21.911016,159.43991,203.68533,44.483006,146.01227,201.77989,-44.39752,157.07492,264.32013,70.19951,136.95352,272.79272,-41.152294,161.40489,328.00824,122.74667,121.22816,338.3375,31.225,153.32236,337.04095,124.96204,117.901505,345.86942,35.52532,180.36804,344.22287,76.38344,130.51463,353.0065,-27.961699
_5.jpg,95.76212,96.55959,-126.37411,102.276596,91.092255,-143.23787,103.61945,91.86043,-143.28432,104.85596,92.68847,-143.27243,101.53064,90.080864,-114.74161,102.59085,90.10877,-114.79006,103.64595,90.19793,-114.81357,115.48262,99.252075,-191.30444,115.12442,95.91475,-63.349186,99.51392,106.18505,-142.1125,97.90232,104.89735,-105.19369,131.45186,149.28993,-236.51346,138.25195,139.39438,10.6438675,152.02666,218.02492,-259.28842,159.55043,196.90344,59.71774,163.89201,276.90836,-232.81537,169.49036,257.26627,40.8125,164.15164,291.97028,-259.04163,171.6161,266.3179,41.077442,161.72784,294.01123,-254.33679,170.69261,270.7079,15.81074,161.67564,289.30884,-230.32544,169.38309,266.25583,29.53578,185.0152,234.52434,-68.622795,182.37552,229.69194,68.80341,186.70253,301.207,-178.11833,168.27357,293.24173,97.75523,186.563,388.03217,-130.61514,178.29816,380.93307,204.49605,195.85568,402.9919,-129.139,187.28911,391.8552,211.27383,157.99942,410.63272,-210.91682,157.77177,403.13596,166.34021
_50.jpg,75.52282,62.704147,-218.36507,77.93459,52.22029,-206.92883,81.38303,51.089054,-207.01082,84.81025,50.05321,-207.1266,69.00147,54.825638,-199.20593,66.23414,55.45172,-199.2616,63.917236,55.82998,-199.31844,91.178246,51.040627,-120.58216,64.23297,58.664177,-86.572556,83.70838,68.08037,-184.38417,73.44465,71.71142,-174.48549,139.09195,79.21895,-82.31395,71.32251,118.82116,12.60424,179.96025,127.054634,-121.885315,92.647644,175.7215,-39.64176,162.41927,171.37854,-243.03445,70.53627,177.92647,-258.80032,161.70514,185.19676,-276.4977,60.9678,178.93625,-301.52512,152.66635,182.18596,-285.67764,56.66212,171.65942,-318.76025,152.19351,177.04977,-247.25595,59.79564,171.63353,-271.51044,167.57803,202.5928,-40.322838,128.88428,214.20001,40.570976,189.97504,295.52844,-75.8949,121.00788,301.95288,-18.743975,207.81537,383.44476,19.613966,133.52907,394.4245,61.364063,211.0301,397.87067,21.740923,145.70709,408.82285,61.74409,204.44121,409.22134,-78.60959,101.61881,419.91132,-29.545593
_51.jpg,168.80147,82.90202,63.75928,163.95068,75.00265,49.903236,162.30751,74.95311,49.876938,160.62337,74.92649,49.834538,166.1236,75.12774,39.076813,166.02124,75.2461,39.096504,166.05219,75.43135,38.98944,150.8177,78.80627,-1.7214068,161.64603,79.19842,-50.303463,164.34328,89.93809,49.599415,166.63441,90.29254,35.488724,112.69308,124.36095,-11.916316,178.59383,115.27304,-95.93887,104.95926,178.8489,13.156211,218.42905,100.10635,-95.82889,109.265625,225.68204,36.02608,235.0518,52.166027,-58.293633,106.14649,238.03062,40.08439,240.15015,41.78435,-70.50797,110.76116,237.55309,26.423294,236.43404,39.341232,-60.22663,112.779755,232.5583,32.52449,233.51651,43.903778,-54.10697,129.77594,224.92873,29.223423,168.63191,224.23822,-29.271671,124.2102,295.99417,88.271706,164.94601,297.5831,26.321976,115.46611,363.73303,141.3385,163.39694,369.7339,71.37417,113.87417,374.53943,145.90527,158.95087,382.75076,75.796524,116.541306,369.37924,131.07404,171.90146,372.9397,61.63935
_52.jpg,110.93805,88.14416,-182.01695,115.06935,81.36737,-166.52673,117.58824,81.91847,-166.58777,119.93464,82.39265,-166.62743,107.25439,79.43023,-179.69965,104.15327,78.63611,-179.74352,101.0059,77.88878,-179.78462,119.84468,85.62763,-76.94907,94.87568,79.86466,-137.78023,112.688774,97.99447,-146.82373,103.24127,95.75195,-164.57198,127.171295,126.43716,-2.5486724,63.250153,128.17818,-124.69263,135.8584,183.29623,44.426926,74.863365,186.15486,-128.71829,148.83865,228.89854,-8.393391,105.175095,233.55606,-150.75862,153.92203,242.43265,-17.733654,107.89192,248.26228,-171.52122,153.80388,242.82277,-40.686268,116.6489,246.51955,-182.78389,149.30812,236.59186,-18.612165,115.78961,241.97957,-154.47871,133.06822,229.63075,44.76751,96.89522,234.25577,-44.612366,158.8853,297.72635,90.82518,106.521866,309.55466,-64.6843,154.53613,371.23538,191.47473,101.95094,392.6406,-48.262104,146.20793,386.27533,197.6778,100.07766,403.3102,-52.869312,190.78993,384.37326,146.3107,110.8548,416.79526,-138.2562
_53.jpg,125.36716,60.333046,-83.23855,130.1962,52.83462,-100.88075,131.4539,52.769028,-100.96032,132.79749,52.58853,-101.00783,130.20953,52.766346,-73.34451,131.45357,52.678116,-73.38459,132.71402,52.49625,-73.44478,146.21675,55.87618,-146.18083,145.40016,55.35283,-21.033304,131.05022,68.352264,-96.70892,130.37961,68.847435,-60.647923,160.47511,106.538666,-203.84439,154.4525,105.221214,64.93509,159.06581,175.63742,-233.01242,153.94153,172.49074,104.79101,139.78888,233.89047,-197.2571,142.6233,223.07115,60.257904,134.56372,245.95905,-220.89871,138.68105,235.40031,57.83552,132.89687,246.3495,-215.13023,135.41931,237.26993,35.214283,135.86916,242.29642,-193.66815,139.46326,233.13257,47.995075,164.18025,226.06058,-80.479385,157.49825,224.71729,80.61337,172.88994,318.68085,-60.596252,170.71413,312.73193,92.88288,180.60461,409.52155,1.8687788,179.79652,394.70142,167.72662,191.45183,425.733,2.9003406,188.9921,410.2673,170.98923,146.75334,429.32297,-72.22051,151.13141,417.17404,124.25299
_54.jpg,174.46062,54.49884,-84.33857,172.10843,44.601715,-74.246895,171.08359,43.754875,-74.289635,169.72699,42.807358,-74.32525,170.37086,44.524067,-103.454414,168.28192,43.692715,-103.53107,166.17714,42.826,-103.60541,155.67346,40.96204,-12.837266,153.14688,41.06848,-142.87193,166.83342,60.961166,-57.064125,164.91873,60.886505,-94.84599,139.48586,88.54589,87.66366,125.94652,89.24817,-196.53674,134.94391,153.46898,94.732895,123.70609,166.39224,-196.58015,177.21237,156.93211,-39.507755,181.38599,159.65952,-116.22025,188.65982,161.6044,-60.057743,195.35327,160.69157,-130.78204,186.1686,157.93742,-79.0097,194.50357,154.09222,-127.20904,183.91112,153.97978,-53.54738,190.76915,153.45898,-110.57649,140.59695,216.55571,90.44473,130.19644,217.98419,-90.135735,160.73526,302.1599,178.40842,134.34293,314.50623,-63.36838,150.25888,386.8808,315.55087,131.1402,410.15842,-17.980822,136.51888,401.1776,324.88733,121.000084,422.534,-17.849497,181.32803,400.99362,276.99908,159.33598,430.7032,-97.5495
_55.jpg,135.61037,73.8721,-123.86025,139.87274,65.4113,-122.48767,142.78207,64.7301,-122.57554,145.40257,64.1887,-122.62125,135.4791,66.53906,-108.99384,135.326,66.671036,-109.03624,135.06732,66.83347,-109.12024,154.82938,65.82389,-81.3888,141.18486,68.64461,-20.216913,145.83179,80.66343,-105.99861,140.6924,82.72111,-88.33915,187.79062,117.86781,-89.15013,126.62272,111.39595,52.438774,173.54303,166.72202,-130.55537,105.45947,162.88503,-26.215023,157.29973,181.54755,-170.7783,131.89822,162.1482,-212.95068,153.31647,196.23816,-194.08022,140.12466,166.13376,-242.78415,153.05284,190.01134,-194.00835,146.84868,157.81404,-248.01102,153.97923,186.31857,-170.30797,140.02841,158.979,-220.07973,165.13498,225.6124,-51.427727,130.78378,223.49289,51.710045,166.05266,311.03058,-63.92229,140.48036,296.69162,86.00093,171.12863,385.08133,33.65423,154.27626,354.15753,249.4353,174.32907,393.40814,38.685104,158.85808,362.89536,261.70624,159.65656,420.92905,-70.15412,133.87134,378.18292,182.59642
_56.jpg,137.6298,53.921883,-190.36502,141.83153,43.98583,-175.65587,145.32446,43.191063,-175.73795,148.70532,42.445194,-175.7476,131.64256,45.28022,-178.09026,128.12126,45.64138,-178.1408,125.27556,46.00899,-178.25027,154.64914,44.954494,-79.53045,122.6773,49.4815,-89.40999,145.81947,62.027935,-151.88272,133.48048,64.75506,-154.61734,186.26823,95.05754,-8.299276,103.28595,97.53789,-47.878345,192.4471,160.00528,30.87318,87.206215,158.53969,-14.931615,179.60234,218.50655,-42.631172,104.39031,210.94182,-80.42012,180.91455,238.28265,-62.45371,103.73113,229.5075,-103.34733,175.25562,234.1137,-83.24938,110.705864,230.7152,-120.97384,173.11345,227.79897,-51.54034,112.16492,224.30142,-86.96825,166.96672,225.58351,23.229996,121.81626,222.74457,-22.923462,180.19849,319.73557,-42.241734,131.48,319.56915,-78.55052,114.41214,387.86423,136.68446,123.522964,400.2698,51.00757,98.87141,380.47452,152.7797,123.378044,412.7505,60.80511,102.746254,425.36102,90.93182,129.65204,435.0206,-31.393196
_57.jpg,97.80792,34.995853,-41.06576,96.24356,25.50058,-62.332485,97.66247,24.401196,-62.343895,100.09343,22.926825,-62.273067,95.15582,25.632933,-34.83001,95.769394,24.579174,-34.871635,96.90899,23.205761,-34.950497,110.52943,17.71186,-122.328354,106.97491,15.365558,1.5597458,111.90721,37.83846,-59.267735,110.1803,38.207157,-23.266169,141.03627,57.62488,-182.08353,155.34998,51.063683,76.403755,157.7555,146.08684,-196.82005,171.86572,126.85781,137.12932,151.72214,197.15337,-135.75214,155.36095,175.65227,110.01336,152.08958,209.43475,-145.98993,152.92513,188.66156,115.149765,151.44914,208.5265,-142.453,148.4439,191.49164,93.02798,151.58592,206.95534,-131.06671,154.0176,186.81905,100.151535,181.5933,209.95619,-75.34228,183.66934,199.44243,75.55868,168.83034,321.54596,-38.04419,172.17294,312.4739,108.75357,166.81195,423.3093,27.46232,169.1593,417.36975,165.39897,173.20741,438.30637,32.27708,175.2519,432.8841,167.71379,131.45804,439.18796,-12.745668,133.21747,433.89807,131.48026
_58.jpg,144.81573,56.38798,103.46447,140.89377,51.20925,85.72771,139.54834,51.562744,85.70187,138.05815,51.907063,85.747574,146.33183,50.368217,83.87137,148.87439,50.16479,83.88655,149.66867,50.085854,83.76283,136.58139,54.68003,19.811926,151.00098,52.657127,10.000673,141.83408,61.81589,83.83721,146.58502,61.167976,80.92586,107.67411,99.49755,-13.525599,172.72758,85.269196,-16.6708,108.373215,153.22575,-5.6813855,212.6039,94.180016,40.741062,109.61507,186.33867,21.60253,190.21921,72.99327,153.95532,104.64471,200.28384,25.154163,197.55406,73.842354,165.54803,104.7987,200.43121,23.483809,190.31755,74.20651,165.35922,105.086136,194.27718,22.250145,183.38615,72.71863,157.08794,132.48457,193.1692,5.3558197,165.56837,189.36807,-5.3080773,130.32504,259.97894,79.70728,164.2797,258.35852,65.61323,125.87467,324.83167,136.31535,166.24768,321.4701,114.04806,130.0601,330.55487,140.11835,164.99698,327.87848,116.52596,119.53891,331.8916,128.1157,163.68799,327.70184,97.474396
_59.jpg,156.96324,52.422756,-249.47531,161.94023,43.08058,-235.12202,165.81596,43.178455,-235.22409,168.76807,43.302265,-235.3166,151.0807,42.935314,-237.31659,147.66328,42.84428,-237.3624,143.86887,42.77418,-237.41423,173.87227,47.495445,-136.5135,140.02994,46.690258,-146.34444,163.83403,62.682663,-210.96112,150.60841,63.199562,-213.8312,198.35837,102.35179,-74.64338,113.23763,101.208084,-80.5448,206.04027,170.66302,-35.507053,104.9725,167.1578,-51.97443,209.28452,230.06728,-93.61289,100.19297,222.99167,-121.48052,211.33089,248.0438,-115.92267,98.503944,242.94102,-143.49016,204.03464,248.74812,-141.2828,103.49906,242.49452,-171.35707,201.69402,242.70044,-104.43463,106.08537,234.90115,-133.68475,176.10913,235.75845,2.751808,126.23983,231.49141,-2.510221,171.82837,327.47958,45.69483,121.85533,323.35022,32.143353,173.94347,407.21646,150.37408,125.03423,398.49203,184.98958,168.9979,416.31693,155.26634,129.80933,408.52713,193.87767,185.95534,437.45682,61.280563,113.31884,426.3774,98.06569
_6.jpg,133.01236,48.412437,-189.1677,138.83362,38.22521,-179.95772,143.13539,37.55044,-180.04323,147.1287,37.002415,-180.10344,128.24532,39.56752,-177.05853,125.04906,39.790745,-177.13048,122.32908,39.843464,-177.20541,154.64072,40.01125,-110.62029,121.55536,43.46666,-97.12896,142.8328,57.76301,-161.22284,129.3146,59.586105,-157.44302,187.69194,84.29915,-76.65351,104.70721,89.21064,-32.489258,216.32933,139.22696,-67.00014,91.99787,145.62196,-4.6349287,193.50984,186.1822,-123.96255,106.099464,200.12581,-73.87356,187.91872,204.54376,-147.02805,108.26958,218.72797,-93.83442,181.23662,202.66719,-161.53629,115.77582,218.66759,-110.75664,181.26971,196.14977,-129.33353,115.09538,210.87291,-80.87431,170.03996,208.45763,-20.488365,125.74752,206.32738,20.78187,141.9712,307.64587,-34.610497,130.71037,306.75705,28.730957,135.91672,400.30032,29.771036,123.064255,392.82175,85.492546,137.15192,409.6768,31.18326,124.73708,401.93225,85.75341,117.95722,431.81726,-57.009422,103.656235,429.6002,4.7786174
_60.jpg,149.98805,59.881012,-194.22545,154.27695,49.099728,-186.10208,158.08054,48.37884,-186.22745,161.64738,47.744728,-186.37077,144.8341,50.59865,-176.26746,141.93729,51.000126,-176.31476,139.24411,51.370472,-176.35909,168.57263,49.38888,-109.76729,139.17627,54.411224,-66.20192,158.3552,67.53401,-163.2978,146.74518,70.20044,-150.7982,193.92725,102.115616,-89.82484,130.84502,98.67914,29.23556,205.91617,170.77974,-112.18251,128.58182,154.629,-43.584663,186.97415,212.03252,-168.8786,120.49761,144.90984,-239.11595,186.02469,226.96794,-189.34833,116.97743,142.10057,-271.2582,177.71927,225.21927,-198.75914,118.13012,134.4004,-282.59857,177.41246,218.24786,-171.27841,127.136566,141.99008,-249.32668,172.03809,226.80365,-50.59741,137.22813,223.55734,50.86221,178.67203,313.43655,-81.688416,130.1082,311.9431,42.622643,184.26704,405.09268,-11.321107,153.58577,399.20096,136.34354,188.81818,418.74615,-11.434688,164.68231,412.04013,138.84572,162.9546,432.5365,-115.892395,120.336136,427.2151,54.57006
_61.jpg,211.08281,30.058323,-290.0072,218.01532,19.410866,-280.14703,222.70432,19.300251,-280.26227,227.12364,19.296469,-280.40366,206.6296,19.360386,-272.8958,203.42137,19.236145,-272.9843,200.23293,18.896122,-273.03403,234.71301,23.687674,-199.45758,199.4701,23.348736,-162.86798,219.40176,40.706196,-258.50668,206.15169,41.186672,-248.02069,265.65695,90.03381,-149.86308,174.64285,79.95268,-73.87799,274.0263,164.26054,-221.58377,123.829185,134.789,-65.90664,218.08467,168.48442,-338.93942,56.835857,133.86626,-129.33871,201.0018,171.08188,-368.43613,38.130604,129.93689,-135.0894,196.76253,159.39595,-366.35052,35.548065,126.87724,-166.26924,202.26146,159.70178,-338.25632,42.98095,128.40703,-143.2243,216.14447,216.26595,-25.89909,172.8878,211.39822,26.18791,222.922,322.15225,-15.289578,165.03139,316.87054,52.136684,227.14761,391.79773,130.78851,158.67609,369.45706,201.87247,228.67036,399.24472,139.87843,161.41254,395.28265,211.51543,220.99208,403.71667,41.482574,142.01323,410.18237,121.86041
_62.jpg,149.83643,-5.443476,-134.93774,152.37589,-13.534333,-135.70987,154.74881,-13.002196,-135.78165,156.70076,-12.8269005,-135.82568,147.93886,-15.054676,-134.5592,146.41823,-14.883001,-134.60716,144.86583,-15.341404,-134.67569,158.59468,-6.4861445,-112.92064,143.0688,-8.843444,-108.73991,152.2675,7.7883706,-122.709435,147.55951,7.4348555,-121.39688,162.06392,59.867695,-86.96147,100.84145,58.48696,-105.24344,166.872,150.34209,-57.816696,130.12378,154.72243,-107.15095,188.77402,228.13263,-80.431114,143.07439,232.44415,-135.13138,197.41191,249.81467,-90.106575,143.71281,257.20496,-154.803,197.64388,253.17024,-112.00323,152.13733,255.54044,-168.47263,191.08647,246.66667,-88.17253,151.87785,247.38022,-140.23663,152.28802,223.22166,11.34703,136.30875,230.03209,-11.086327,144.82152,360.6636,35.057877,122.19717,359.41068,26.789253,146.45528,431.58466,160.81882,128.791,462.16006,150.71532,148.12325,471.07626,168.85634,126.9311,479.14844,156.71436,153.18808,483.1549,84.225136,130.11018,489.62717,67.68554
_63.jpg,134.5503,61.165806,-148.1828,141.84036,52.563614,-145.57306,145.48827,52.841785,-145.71655,149.12587,53.226585,-145.86171,133.74063,52.537407,-134.51854,131.69235,52.732243,-134.5091,129.73505,52.8709,-134.49057,156.3826,57.38071,-98.2773,131.66331,57.04813,-46.37552,141.50879,71.94426,-128.4374,131.9649,72.71817,-113.53376,185.81676,100.13616,-89.90334,118.139046,101.86358,30.687107,231.87611,135.47433,-116.675476,98.36435,154.07468,4.8590803,195.23239,177.25607,-149.7969,99.86012,113.07056,-113.25272,187.96881,186.3975,-165.90726,100.17598,101.51811,-133.67047,179.86412,179.96582,-164.20412,101.40811,94.78771,-142.32594,181.21106,176.87074,-147.07022,104.833405,96.8418,-120.48678,153.68372,223.49911,-50.24472,121.80753,222.7695,50.37729,144.9888,312.41608,-35.792015,106.87965,309.82352,61.71005,151.1286,386.8448,36.795345,148.69295,370.2787,164.34264,155.5403,396.81073,41.121284,161.23404,375.27747,172.75015,135.96616,407.069,-30.433165,134.48341,402.75534,134.84314
_64.jpg,196.3152,187.3148,-122.973625,197.80507,183.93375,-115.00507,198.9127,184.10666,-114.99528,200.04736,184.23305,-114.98466,194.20424,183.50403,-120.27179,192.76167,183.4036,-120.32347,191.28447,183.32558,-120.37121,200.00552,187.02695,-62.724266,187.62685,184.94293,-86.95785,196.93303,192.14868,-102.10222,192.70651,191.81924,-109.130615,206.06262,209.71924,-9.667107,168.17944,200.74094,-60.16082,213.29573,234.84282,32.271317,141.32162,218.58435,-36.661095,202.95341,253.21887,0.39958632,153.58745,243.80325,-45.591938,201.49512,257.35806,-9.175761,154.15814,250.79472,-55.070328,199.01024,256.4637,-19.827835,158.89604,250.70474,-61.848965,199.01828,254.28026,-4.5452967,159.1042,247.78923,-47.241657,188.38504,264.8814,20.188822,167.64453,260.23306,-20.064785,182.11209,306.38577,47.65995,157.39609,302.62534,-32.389732,169.01161,346.35123,114.60942,146.62994,354.6951,-12.996618,163.68304,350.9587,118.8127,144.33365,359.51465,-14.39268,178.86273,361.29895,81.89838,147.97104,369.9928,-68.42385
_65.jpg,152.67929,49.23003,-202.84084,157.40288,40.855167,-190.78337,160.82718,40.67259,-190.89357,164.44339,40.422085,-190.98827,147.81187,40.134686,-192.8604,144.64445,39.582672,-192.91107,141.52129,38.93756,-192.99785,168.9854,43.176643,-104.18796,137.47797,40.394123,-113.08215,157.97078,58.337482,-168.27003,146.23335,58.29871,-170.92665,192.82753,88.438965,-58.574215,107.2169,88.70871,-53.22485,209.2532,150.48145,-49.14614,94.16023,155.98155,-1.5748929,189.78445,194.98976,-124.86786,89.63556,209.98315,-56.330013,185.91785,212.83733,-146.6658,84.65034,228.03575,-75.35048,180.31361,210.81728,-162.71278,90.33206,229.16089,-99.73814,179.792,202.80402,-132.09206,93.86861,222.85017,-66.16984,168.70473,218.79266,-7.0058174,118.42559,215.46455,7.2629237,160.71458,313.3634,-28.873148,105.24727,295.13922,-24.41068,151.9253,405.65738,73.07679,127.762,345.68143,166.52039,149.38152,413.66833,79.29058,135.18814,351.92734,182.25032,157.4183,436.9305,-11.752967,128.44382,381.11264,124.40265
_66.jpg,156.5151,59.70026,-274.857,162.13518,50.911427,-259.61362,165.54999,51.239433,-259.67392,168.33324,51.50379,-259.73495,151.92914,50.551285,-261.53455,148.59663,50.5896,-261.6147,145.09853,50.66398,-261.6533,173.9045,56.88276,-160.11194,141.29848,56.025887,-169.07599,163.08556,69.224785,-236.55714,150.87735,68.63301,-239.1337,200.69485,114.83068,-94.47607,110.44709,112.99685,-103.50746,209.89755,183.84175,-60.54149,93.678856,177.87215,-73.728226,211.15034,237.8328,-124.15545,93.47814,235.356,-133.14198,212.01782,256.46085,-146.52289,92.75533,254.02585,-153.59375,205.84674,256.42087,-171.4099,99.90354,254.80191,-178.7857,203.47984,249.24196,-134.71642,102.06075,246.98964,-143.35846,177.59837,244.95859,5.302991,127.49666,241.89995,-5.1581554,176.75795,335.81042,32.325264,122.085396,338.56613,-5.876557,179.19157,417.201,159.26053,118.08207,418.8925,146.80109,173.69928,426.63196,165.56096,121.499565,427.9028,155.74153,184.4942,444.9051,64.894104,112.6341,444.63278,48.398056
_67.jpg,152.70064,89.62164,-222.52655,155.93875,83.173775,-211.5439,158.6352,82.98634,-211.56853,161.29103,82.825325,-211.59175,148.75963,83.81494,-210.54497,146.45685,84.09924,-210.58527,144.1921,84.36394,-210.58322,165.89896,86.38006,-137.2259,141.8946,88.59284,-131.6513,157.9496,96.0804,-193.95218,149.46683,97.3999,-192.33054,186.32263,125.9327,-78.25628,123.65316,127.28412,-73.447395,222.80835,166.33965,-66.802086,89.26465,164.57594,-46.358505,202.62344,204.97012,-134.38655,106.89978,202.02115,-109.52819,196.63768,213.63156,-157.15454,111.67771,210.48189,-133.23933,191.28738,211.00046,-170.48553,115.948715,208.86494,-143.26768,192.80847,208.37813,-140.27583,115.25963,206.10757,-114.46415,172.85498,217.85721,0.06923247,135.83965,217.31639,0.052178685,174.78001,294.28378,-3.9080124,129.91406,293.86478,-7.4834056,175.8862,360.89188,117.96207,121.49234,366.2484,84.436966,173.54062,366.63312,125.43415,120.92982,373.62952,88.52666,175.6334,392.16284,35.799603,124.40408,396.25925,-7.059169
_68.jpg,167.50917,28.586287,7.380776,160.55882,21.167082,25.594313,158.84003,21.215374,25.57289,157.00246,21.193005,25.652506,160.56512,21.327303,-12.082492,158.85406,21.614985,-12.185578,156.94725,21.933886,-12.288802,144.92542,27.462656,94.98185,144.18434,28.868776,-73.42359,163.34526,38.89521,36.07903,163.86545,39.42685,-12.754243,130.04085,89.97661,186.22223,144.64912,84.78146,-148.79434,121.60655,163.34822,216.09851,125.849304,161.32219,-152.47276,122.12054,212.38858,170.47424,118.11489,221.09306,-60.316788,121.79283,226.65135,164.92023,112.34136,235.79015,-69.42872,123.348885,227.01059,153.03337,118.99415,237.63744,-70.82855,123.6381,220.69518,159.67117,120.73754,237.23422,-56.02973,136.43051,222.14024,103.78673,135.69771,218.58325,-103.52411,127.23612,314.90036,93.31812,114.476234,314.9774,-106.329636,127.77614,417.73593,184.76057,46.25447,396.14215,-27.007689,119.19136,433.95578,188.49327,34.321045,407.08313,-23.409315,159.78635,427.95605,137.03333,61.751152,426.21927,-99.15323
_69.jpg,148.47697,63.385174,-228.0592,153.79355,53.81403,-215.03133,157.02357,53.404606,-215.08762,160.53792,53.005253,-215.13335,144.09236,53.95049,-214.5687,140.67363,53.64996,-214.6178,137.9188,53.360107,-214.65576,165.86305,55.433483,-118.13878,134.68907,56.172417,-115.761505,155.22621,71.17415,-190.1656,143.64818,71.69889,-189.17511,195.34808,103.68539,-46.129417,112.78385,106.96694,-48.64214,209.74718,165.28389,-84.512695,95.2672,167.5583,-49.144005,253.10744,171.94675,-246.62444,48.838215,178.9196,-189.4574,266.91412,173.39827,-278.4725,31.862417,178.27965,-217.04533,268.31628,168.97499,-306.2987,28.657892,174.42906,-248.71906,262.71414,168.91463,-262.97867,37.080215,175.68849,-206.68393,180.33774,227.40927,-0.093613,133.58199,227.91165,0.21027923,187.75714,321.86774,-8.802094,127.3806,320.91003,-4.654444,190.18167,396.6398,131.66527,123.82334,396.21518,136.4017,186.85889,403.87137,139.7509,126.44391,403.76025,144.47707,200.64304,426.9714,42.470966,117.56895,426.41296,47.173218
_7.jpg,127.787766,57.54091,-76.691,133.73817,50.584274,-94.692215,135.07217,50.87422,-94.78269,136.43964,51.07995,-94.84333,133.79776,50.260426,-66.992165,135.09581,50.367474,-67.016075,136.31056,50.43611,-67.06938,148.71512,56.388737,-140.85059,147.44429,55.661564,-15.479494,133.71155,67.07534,-90.32768,132.7227,67.35465,-54.23001,157.9867,107.43196,-200.21727,155.71529,106.31454,73.96431,156.0123,176.91151,-222.08363,155.81775,172.5463,111.41723,139.94843,233.46118,-175.88531,145.32672,222.84354,62.766857,134.24022,245.62665,-198.15187,142.0813,236.5917,59.95563,133.87688,245.83188,-191.55692,140.89468,237.37105,38.262768,135.46857,241.75603,-171.6692,142.74852,232.01137,50.74492,164.97992,228.75436,-82.615555,162.81714,227.82129,82.74308,170.6473,321.10522,-50.986397,169.97481,316.7832,106.20314,181.01538,410.174,28.757868,181.4661,392.9237,196.6913,192.4733,425.76013,31.478033,192.77356,410.31174,201.39055,145.66646,427.35764,-45.50442,151.32271,416.95837,151.12633
_70.jpg,141.38449,45.563877,79.17706,142.0997,38.059566,48.343224,141.60945,37.92618,48.277946,140.95337,37.815327,48.24393,146.05225,37.29223,74.359024,148.069,36.74377,74.39641,150.79796,36.07319,74.31161,144.22339,38.727047,-58.873684,158.99257,36.65016,56.32724,142.96222,51.948784,45.531418,146.69977,52.082115,79.02905,136.7039,81.086945,-132.64117,197.36626,81.961426,86.11114,130.81068,151.22731,-141.07918,196.27487,148.90706,104.53578,121.34695,211.34583,-71.564186,183.77734,203.54176,61.227535,119.26915,225.1759,-76.66726,181.74834,216.33253,61.343723,119.413124,225.42508,-70.97493,180.53743,215.39561,44.156914,122.578186,218.78725,-65.831345,178.78134,209.43434,52.786034,140.63145,220.00284,-68.30546,178.94218,221.98724,68.563286,132.29114,311.5345,1.7961502,176.74695,317.33435,142.79628,148.21301,414.96466,86.63093,173.1213,411.3233,209.21982,153.66899,428.77698,91.20281,177.74974,426.74118,210.80927,107.92077,434.17664,46.244137,153.57788,429.55405,166.31128
_71.jpg,172.83229,53.615067,-112.1488,177.52963,44.460297,-100.12418,180.94604,43.945354,-100.20686,184.38889,43.479694,-100.3031,168.71245,45.65223,-91.26168,165.88147,45.991676,-91.30201,163.23563,46.272774,-91.39861,190.07555,47.15207,-11.196073,160.82779,49.59553,27.688433,179.25023,62.04333,-76.43355,168.73412,64.40538,-65.202934,212.29648,97.17788,0.18516175,142.36832,93.26253,117.83327,194.40953,146.65228,-90.27013,109.07645,143.85347,46.030796,147.78853,128.12894,-224.26886,142.06073,148.06194,-140.60968,142.83624,116.781784,-262.60452,152.60396,150.3929,-168.7395,145.92924,107.59845,-252.14853,155.03987,142.63277,-168.81795,153.5829,106.18671,-222.50772,153.11694,141.61092,-144.59184,181.5573,221.64435,-48.838146,141.98938,218.90675,49.232357,174.73085,322.54364,-97.91435,138.26381,315.97156,4.908757,174.32938,415.95966,14.750028,197.28888,385.57437,182.39642,177.69177,428.3723,22.230917,211.81705,384.80542,196.6561,158.35394,435.44397,-82.27991,193.4916,417.7705,123.33416
_72.jpg,146.65057,78.17679,-80.153275,149.2522,72.758484,-73.70228,150.02237,72.37876,-73.721375,151.60443,75.103355,-73.73607,145.1428,73.04955,-73.29141,142.73021,72.91524,-73.32289,141.56018,72.72282,-73.320724,153.91656,74.8575,-35.687874,137.7168,73.26252,-33.90979,149.8506,81.714775,-65.78784,144.14902,82.28927,-65.136696,170.58923,90.60744,-9.941982,124.48582,89.09156,-7.9346743,196.81245,111.904915,3.537684,108.93449,110.45673,-5.0190067,216.063,111.46353,-10.428241,91.66188,110.11862,-29.342342,223.99237,112.87553,-15.186679,85.939964,109.714325,-36.574356,222.04759,109.792915,-26.028017,86.543274,107.926285,-45.554012,218.86523,109.892654,-15.954055,90.013,108.30815,-34.332962,163.65292,146.54576,-5.7250338,138.08925,147.65804,5.7859282,161.62692,182.00214,-37.459846,135.18188,187.39948,-28.819347,159.2605,219.8762,-4.2951474,136.57896,226.72412,-6.2781854,159.29243,225.88164,-3.6806881,137.38873,233.8916,-6.252901,151.12619,232.38203,-51.91458,134.36559,236.7036,-54.990665
_73.jpg,129.77234,55.668148,126.419975,133.24635,47.763893,96.03202,133.22008,47.594337,95.983055,133.03664,47.45018,95.96733,136.47993,47.7951,113.20452,138.41946,47.70942,113.22831,140.7023,47.667614,113.136,139.68575,50.44173,-15.249638,150.78046,51.54629,59.613438,133.03287,64.37012,90.309586,135.96692,65.47558,112.00217,119.21977,101.274086,-90.28789,195.04333,99.20978,68.06022,104.323395,171.003,-62.369175,224.30014,155.6499,158.25851,98.854866,226.18744,60.31781,194.17905,193.05295,269.5849,96.45683,245.02478,76.11639,191.05014,202.8677,296.0996,99.828186,244.13066,86.48062,186.21895,205.87233,287.0402,102.422226,236.45271,69.787155,186.01207,198.40569,268.6107,136.16933,222.03813,-50.82296,178.00212,222.84842,50.948685,128.38573,316.8211,12.306149,177.5682,310.03552,104.25204,123.10084,406.9135,21.561893,184.48389,404.14194,108.18297,132.10252,424.18164,21.377405,186.07135,418.56796,106.00641,93.31499,418.8656,8.80452,164.28722,409.42725,94.44838
_74.jpg,217.02766,78.31868,-170.59943,221.61035,69.189995,-161.88396,225.06973,68.74093,-161.9536,228.36934,68.38934,-162.02629,213.41559,70.301315,-154.84775,211.15376,70.615524,-154.89128,209.10544,70.92963,-154.97888,233.71158,72.1196,-90.425766,209.11972,74.75938,-58.019535,225.34258,86.9977,-141.98398,214.51813,88.328445,-132.66888,257.3313,123.522484,-68.43413,188.8214,121.67403,12.430415,240.7217,176.61688,-124.413025,168.37123,176.10118,-46.284817,195.55473,171.60277,-217.89488,194.88782,173.46877,-206.5986,186.58195,175.51828,-245.94905,204.30142,177.07137,-233.41263,185.43454,168.65562,-246.11078,208.04192,170.39047,-238.68443,188.43733,165.78685,-218.3515,205.77417,168.80063,-211.50833,232.64952,241.09872,-29.611729,193.87569,237.70557,29.75065,234.22499,323.0376,-89.401085,178.54762,321.60977,39.46326,226.3528,405.76978,-33.858517,169.50302,403.3162,114.83633,223.30124,420.71103,-35.23451,174.59714,419.94675,114.73197,211.86613,428.12823,-136.53317,138.76375,423.46384,27.205225
_75.jpg,148.36263,119.607254,-267.05652,151.82805,109.9166,-262.18835,154.837,108.886986,-262.23056,157.79143,107.80396,-262.25107,144.35542,111.54096,-260.80945,142.10999,111.66232,-260.88235,139.8516,111.640915,-260.9135,163.54315,106.85137,-192.58214,138.89536,111.61569,-185.86372,155.02612,123.778564,-236.74074,146.28622,126.31377,-234.9592,192.7365,136.4278,-141.567,126.69026,135.30315,-104.213394,205.76256,185.48863,-147.63838,117.72163,178.76413,-92.25803,182.81252,215.2278,-217.81924,131.66582,215.16519,-180.24832,175.80258,227.19376,-241.53514,133.16014,227.98785,-199.50616,170.9151,222.9016,-251.00482,138.94608,224.59541,-215.63731,170.75621,220.15779,-221.23788,139.66014,221.5987,-187.28336,186.0018,222.17761,-16.029823,149.0303,225.63426,16.00389,201.00754,247.70297,-226.4926,121.15505,271.94376,-136.66943,229.31726,324.85187,-242.5371,143.97198,349.08914,-121.918335,233.297,339.0654,-248.04045,154.99672,358.6044,-124.815254,237.44048,332.37494,-318.25742,120.642685,378.1074,-187.63463
_76.jpg,157.22655,110.484146,-208.83458,161.67755,103.1915,-198.17847,164.5576,103.133965,-198.25537,166.82301,102.90406,-198.31512,153.54768,102.45475,-201.25912,150.8424,101.9084,-201.30191,148.05954,101.277435,-201.34274,170.28436,105.10856,-121.72533,144.2591,102.878876,-135.9347,161.32788,118.32732,-178.82225,151.98189,117.855675,-183.02774,188.14302,150.145,-78.73771,115.127495,143.70892,-83.38582,195.7721,201.54082,-78.2527,96.64913,195.75812,-64.488,189.23596,242.65448,-159.37367,102.59036,248.18327,-117.777504,187.89296,255.93968,-182.63126,103.45024,262.68588,-135.97296,181.60403,253.9456,-200.7556,111.02525,263.27847,-154.9143,181.28384,249.39665,-167.61351,111.73185,256.92618,-125.334656,161.69489,254.60432,-0.514538,121.70069,251.26508,0.57997966,156.93883,323.6572,23.203272,109.22804,324.65115,7.0227294,151.85037,391.9434,114.387794,99.97209,398.03326,72.641685,146.17258,401.58972,118.04039,105.46473,409.62668,72.6312,160.58183,419.4517,46.616978,79.00376,420.84085,-6.121449
_77.jpg,265.0487,75.417145,-104.00344,260.02667,68.38419,-94.03168,259.04776,68.1092,-94.0308,257.7906,67.758766,-94.06413,259.00076,68.58553,-122.18988,257.41635,68.539375,-122.25935,255.76877,68.48349,-122.30476,244.34727,70.54313,-33.420235,243.20349,71.65275,-158.3699,261.48193,82.8696,-77.68716,260.15427,82.909966,-113.87422,226.40752,117.11606,62.622593,238.66676,120.12771,-195.96478,244.35605,164.92691,42.93022,264.28064,183.95236,-155.33566,271.99405,131.99481,-81.382,286.49722,135.8708,-8.869327,274.7303,120.691734,-96.49002,290.90326,127.42735,-10.728415,277.54797,118.999504,-101.14394,285.4181,123.24517,-5.9341493,275.7978,121.08038,-89.71015,283.31604,126.39459,-2.0692282,226.46759,223.36003,75.73596,236.62828,229.10982,-75.4842,222.08266,303.41275,152.6981,227.80026,307.3608,-1.6820333,217.26846,376.06943,256.73373,219.47615,381.24548,85.2928,208.84637,386.48126,264.02774,209.48564,394.6847,92.41842,232.5746,390.08826,222.8139,239.54875,400.03265,38.13479
_78.jpg,151.35393,55.937134,-152.2996,154.89789,50.1213,-140.18738,157.52325,50.02823,-140.2572,160.27687,49.901962,-140.29553,148.05962,50.319878,-142.09555,145.81476,50.372395,-142.12138,143.4709,50.365246,-142.16054,164.8758,53.66147,-65.78218,139.9135,54.17452,-73.70408,156.38277,63.152008,-123.76457,148.53621,63.03666,-126.167175,191.91068,105.7712,-35.265392,111.15605,102.95305,-33.88823,202.20744,170.40535,-25.733566,96.608376,163.98108,-12.375212,200.36604,224.52147,-91.357155,96.69172,217.96323,-65.20155,201.6191,239.4128,-109.49966,96.146484,233.64044,-79.096504,198.43163,240.07314,-130.94041,101.27372,234.10255,-98.99486,196.67421,234.1659,-100.205574,102.81287,228.53075,-72.75331,170.38924,227.36507,1.3422323,127.040565,225.07918,-1.1933805,172.44644,321.63812,-22.642143,126.20844,320.90195,-13.885014,170.80423,409.07565,43.80077,128.63142,405.32474,53.30449,166.8718,420.4443,45.284775,129.99866,420.56757,54.15724,175.2364,432.61734,-42.032337,121.720024,429.14957,-35.53009
_79.jpg,156.38239,52.042458,134.1852,152.41693,47.153503,110.33128,149.46187,47.678654,110.347694,146.35376,48.276314,110.42593,160.43115,46.265556,111.70932,162.95682,46.309116,111.69392,165.44014,46.5582,111.569405,142.25755,51.822826,20.108665,167.4519,50.93668,24.503658,151.5982,59.979156,105.97945,160.47075,59.46306,107.19014,115.284294,100.51941,-18.72534,200.51648,102.739525,-17.1704,105.138084,164.05733,15.378694,211.97063,173.09102,14.35238,108.53779,218.05798,59.324375,208.36539,226.34024,69.64487,105.13633,232.00853,63.180313,211.75682,241.58755,74.251015,108.85365,231.28152,63.363117,209.0687,241.67578,65.29417,110.85715,225.65904,61.392193,206.77951,235.56418,68.90928,136.08228,219.17982,0.66102374,177.1106,221.65465,-0.52317613,129.95848,314.39087,49.476685,180.66495,309.2442,82.61138,115.549866,405.14374,67.33379,189.86255,398.8669,113.099945,114.8848,417.87186,66.68263,187.19716,413.10223,111.792854,110.796135,413.69727,24.322948,190.14085,410.23035,65.76184
_8.jpg,165.18304,55.74364,-233.98215,170.19876,48.33059,-221.82019,172.93884,48.52367,-221.88478,175.3255,48.58111,-221.9365,161.20108,47.274242,-223.90755,158.1539,46.844444,-223.98563,155.24016,46.39315,-224.04243,178.65779,52.0806,-130.7354,150.7914,49.656555,-140.64017,170.08603,63.881046,-197.66916,159.43494,62.68294,-200.58063,200.6364,102.437645,-62.709095,118.66067,96.79271,-75.53802,206.57414,160.6077,-21.135529,107.18866,150.46059,-50.916813,202.39384,207.0508,-78.623215,111.696724,191.6553,-113.95174,201.71196,221.87526,-97.229805,111.486115,207.36243,-131.59393,196.7197,219.06639,-118.82088,115.73387,204.1721,-153.55609,195.26178,215.53429,-87.81422,117.522385,200.71497,-122.469574,178.1242,218.0992,6.0938625,132.82532,214.82622,-5.9528565,169.25589,306.8478,28.143988,126.92581,306.18906,-10.096662,154.90039,388.99933,131.19653,117.639885,393.59576,50.457172,148.38902,401.52295,134.58989,120.075134,405.27676,48.69799,170.10297,419.83856,45.77715,106.64971,421.22424,-52.24926
_81.jpg,154.24464,53.167255,-173.152,159.60313,46.37109,-161.07353,162.91109,46.722004,-161.12578,165.50352,47.056244,-161.14796,149.70769,45.699047,-163.36586,146.38895,45.445675,-163.39363,142.99205,45.097363,-163.41469,170.00113,52.460052,-84.95761,139.50269,49.291492,-95.22251,160.11641,61.538994,-143.56575,148.35727,61.4791,-146.69902,187.8394,99.28197,-52.87442,110.001434,96.283676,-54.99322,202.67247,161.33025,-36.681698,87.68617,158.15984,-32.138977,201.05531,215.62709,-71.01861,82.59931,214.25826,-68.07377,199.06831,234.62473,-78.4234,78.26975,231.42438,-74.60087,193.48715,234.06436,-98.38066,85.82384,231.58641,-95.388695,193.15816,225.92802,-77.368866,87.90242,224.9361,-74.780815,162.87495,214.79192,2.024182,119.75304,211.39595,-2.1455588,154.90741,302.93,-5.5268526,114.02539,305.21448,-18.522469,148.04413,390.20407,7.569886,107.22642,400.68878,-15.595912,141.42467,403.86325,3.0571537,112.951126,413.50314,-21.201897,165.30678,418.2723,-55.803963,79.48742,424.27817,-84.88296
_82.jpg,150.0964,100.82675,87.34559,149.2971,93.60649,63.665417,147.73859,93.23216,63.68169,146.03079,92.822655,63.76639,154.8877,93.88284,73.722275,157.20665,93.742294,73.751015,159.37483,93.627846,73.679054,147.07806,93.46056,-14.851008,163.66008,95.078545,29.785763,148.04219,105.66363,63.69399,153.14087,106.65431,76.42042,129.55302,118.54951,-78.34136,198.74347,134.9002,22.984493,101.59587,165.2549,-73.228935,219.25343,186.0857,33.57289,70.06189,197.67964,-27.470728,218.00755,237.83656,63.76881,62.863342,204.7096,-30.088064,221.95372,253.81204,73.89835,61.82532,205.59196,-20.43254,216.45003,252.78401,67.92565,64.52125,203.32657,-21.3273,214.96176,246.81334,62.79406,140.05627,231.36726,-35.40057,178.44508,236.34244,35.460896,125.937225,309.60696,8.805599,171.29025,311.2075,79.59658,119.39927,394.0139,4.745397,175.11841,394.05417,67.14206,124.27975,403.0755,2.8788664,177.74442,400.20813,62.315502,94.06379,408.0663,-19.140305,165.77203,398.2822,33.23509
_83.jpg,112.93733,62.520145,-151.15553,115.75373,54.24203,-143.36142,118.06073,53.774,-143.48334,120.34868,53.314,-143.6305,107.91705,54.92967,-136.04715,105.0524,54.990555,-136.04608,102.50035,55.032665,-136.03537,122.61926,55.249603,-79.69306,99.09285,57.830772,-45.49166,117.73313,69.19269,-125.17603,108.36198,69.78082,-115.55334,144.34325,101.17126,-87.57965,84.13596,105.65145,59.94225,158.86043,159.41731,-116.31988,87.90169,160.64299,93.9005,130.51111,201.26106,-173.33138,87.745575,205.0863,15.891434,124.4319,214.24464,-202.34036,84.215706,219.36629,1.48087,119.62238,212.9521,-205.9131,86.84197,217.84077,-20.479368,120.26024,207.72821,-174.23044,88.04134,211.57959,5.2220697,118.24336,214.9161,-60.353886,90.49093,213.52438,60.638912,122.17907,298.60638,-57.216953,103.32744,295.54187,76.95668,131.30536,382.48758,1.2831731,115.42632,373.11728,151.9434,137.91417,395.3987,1.3997467,122.85103,387.5169,154.04233,101.365776,401.38492,-85.06018,86.929985,394.057,84.92745
_85.jpg,144.54085,53.62712,-168.75858,147.94655,44.18172,-154.18501,150.66553,44.060165,-154.26581,153.46318,43.91066,-154.32951,137.15889,44.193565,-155.61748,133.16373,44.25119,-155.69412,129.3516,44.326843,-155.78117,155.78085,47.200294,-58.486313,123.75604,48.876072,-64.60821,150.31158,61.903465,-131.48764,136.62411,62.010113,-133.3116,178.35968,91.96953,-12.746156,99.51101,106.63312,-2.5596478,208.56026,147.79524,-116.03619,85.469215,169.06374,-68.76781,185.42723,111.98417,-284.9542,111.51342,181.81226,-225.67412,180.78592,105.872246,-318.15366,119.76513,188.39641,-251.45375,179.32365,96.44807,-310.24994,121.96784,181.14699,-252.87923,180.66124,103.281006,-285.53098,119.88846,177.35016,-228.32906,168.59177,224.12817,-1.5981185,127.021194,226.02884,1.7910948,172.10252,323.25177,-18.86235,128.63818,321.0831,-12.550403,175.31516,412.50644,95.18628,139.25494,395.61636,144.2912,171.33633,420.5456,99.79559,145.08278,404.1572,152.64854,185.27608,441.91388,-8.374769,131.19931,428.61398,51.217358
_86.jpg,150.30539,39.59304,233.83643,146.08989,33.77757,204.94006,142.89803,33.804497,204.96684,139.87598,33.732292,205.06317,155.93544,33.475258,206.53452,159.27428,33.464153,206.51619,162.58081,33.525024,206.36539,136.5609,36.726562,92.63904,165.70804,37.68647,99.20552,144.84587,46.83641,198.13986,155.36652,46.78313,199.87883,107.0237,85.35773,26.951057,196.52258,89.000015,40.27723,93.70028,153.35359,50.531254,209.46866,160.19017,82.2242,106.55433,201.78036,106.62223,195.67279,206.43361,157.05098,105.98425,214.77719,115.80386,194.78284,219.77509,168.93744,109.59251,212.40913,116.07747,190.79643,219.41725,163.93501,110.73911,207.85927,108.88676,190.01184,213.7826,158.25752,129.1579,213.94191,-5.8935266,174.18715,215.2,6.008838,123.67585,311.14758,55.128326,176.03955,306.8422,79.98436,114.733925,408.75137,55.435436,181.41818,406.6719,75.033,114.37354,418.92816,51.953053,179.36786,418.291,69.8229,108.28591,414.94308,14.157104,181.22446,411.85123,29.65934
_87.jpg,167.69733,81.65109,-90.401405,167.4945,71.7752,-94.08001,167.13336,71.35868,-94.09644,166.35854,70.81885,-94.07936,168.58476,72.16612,-81.23827,167.29745,72.11705,-81.25561,167.35155,72.0151,-81.27609,170.78268,71.97031,-82.97942,169.71095,71.61339,-23.773525,167.21086,87.23914,-83.32208,165.88889,88.012276,-66.30203,188.39343,103.85129,-120.347046,174.58295,106.94611,52.486477,190.09305,166.77698,-149.12225,189.00793,170.26373,98.21961,181.59782,210.48546,-144.017,187.12259,209.67395,62.073524,184.08217,232.0446,-162.84908,197.82068,224.25716,55.734386,179.3253,229.9214,-164.04448,195.88554,221.9555,35.668865,180.56384,224.778,-143.42531,196.04767,217.99345,53.000397,211.23717,220.58823,-60.31965,199.1051,221.30228,60.472317,208.88185,310.11877,-61.91052,202.75647,308.13657,67.83796,212.22914,399.03506,-30.578625,209.48279,394.54953,121.41398,219.73886,410.81384,-30.3763,215.92627,404.36575,123.129944,194.2104,422.95367,-102.21641,197.06946,413.38742,68.610565
_88.jpg,144.02551,50.813793,-243.28436,149.13182,42.144825,-229.74234,152.55185,42.208004,-229.78575,155.53813,42.152966,-229.82022,138.95235,42.047863,-228.75932,135.27403,41.969303,-228.7958,132.14531,41.935253,-228.78325,160.61371,45.803318,-133.43668,128.13675,46.635204,-128.70097,150.59053,59.142174,-206.16971,138.19585,59.15344,-204.7589,187.6966,96.99073,-70.65545,102.75618,100.28898,-55.73872,207.2832,155.83392,-59.754944,84.79739,161.1667,-25.385946,216.20535,205.78293,-157.21375,77.4551,211.5857,-105.829895,221.39151,221.44415,-181.66006,73.10615,226.71307,-126.13231,217.21909,223.43939,-206.79265,77.73753,228.0523,-154.17566,214.61201,217.41348,-168.6523,81.487335,222.32558,-118.33793,169.66624,223.87909,-1.9001925,123.29261,224.8564,1.8379546,176.4581,317.45694,-12.355689,111.0218,319.55698,5.978716,180.96153,403.61642,112.47124,107.83335,402.18747,124.388626,174.92107,412.46497,117.546234,114.482414,413.31012,128.72589,186.4779,424.95206,11.878281,92.62054,422.55704,24.897093
_89.jpg,155.62991,60.789047,-205.17682,160.67612,49.862667,-192.16959,164.30302,49.47847,-192.22946,168.0082,49.154484,-192.23589,150.78906,50.69001,-196.04385,147.56654,50.83658,-196.12756,144.6716,50.942204,-196.22275,173.9684,53.327705,-102.042755,143.33629,55.248478,-118.50434,163.79305,69.71151,-169.53004,152.03577,71.011,-174.12033,196.50102,108.35795,-12.633965,125.20507,106.76239,-109.908066,205.1326,166.06546,29.513939,110.83551,168.00159,-182.76547,205.5878,200.68506,-28.475904,162.00266,148.01782,-262.96707,208.54819,216.59508,-37.217026,172.56793,140.69873,-283.62634,204.2455,215.97629,-54.77057,172.63701,134.56953,-282.42026,203.4943,209.28525,-36.014095,170.24695,133.95934,-262.53366,185.29588,234.29372,33.79553,143.27145,233.15378,-33.710358,184.91487,320.429,67.340576,137.89268,317.58844,-15.92156,192.7031,397.58725,150.8032,128.09746,395.90567,86.94441,182.12285,410.3339,154.93463,124.96948,406.0505,92.88378,228.3175,431.13113,83.00565,140.29819,428.3955,9.733295
_9.jpg,174.40091,62.997993,-99.68121,181.05867,54.708736,-95.735695,185.0133,54.429638,-95.78225,189.20624,54.235096,-95.77182,173.82408,55.16966,-83.6158,172.43633,55.104618,-83.65118,171.18948,54.901413,-83.71332,198.64105,57.711792,-52.525497,176.0449,57.336723,3.535369,183.07765,71.30866,-82.34373,173.62979,70.85849,-66.17247,228.93913,100.46709,-50.894165,172.50983,105.0265,48.83007,220.41591,159.31761,-128.79657,148.27986,134.25664,-49.434013,197.77826,185.98938,-180.99501,148.92947,115.21338,-207.64014,191.7499,196.0143,-197.0457,148.30954,111.54238,-233.69124,188.75777,191.56845,-191.44872,150.75407,110.27482,-229.8262,190.1865,188.01257,-178.11322,151.35683,111.56845,-210.86949,205.57999,225.04457,-24.573275,171.17105,222.56711,24.541449,212.29623,313.20953,-28.992216,164.17307,310.37122,35.793827,221.78026,390.1882,71.27611,151.00809,390.22357,130.7908,219.93346,393.0611,75.32817,153.73273,393.8648,134.0083,219.81927,397.00937,-16.602985,136.93222,394.87228,45.94447
_90.jpg,156.25946,56.846523,-244.35907,158.37178,47.25005,-226.37842,160.36723,46.953438,-226.40689,162.3212,46.64804,-226.44559,150.24335,47.16572,-235.05362,146.28696,46.78876,-235.16176,142.17123,46.453083,-235.1806,161.68854,50.795044,-123.277374,132.62224,50.33415,-161.20284,157.78773,66.20479,-205.40239,147.61694,65.756996,-216.5768,182.31004,106.09192,-61.26914,106.42646,106.95981,-110.230064,200.46742,169.77763,-67.51592,98.440254,174.16449,-99.21331,244.67984,195.92212,-192.0165,82.45066,241.52673,-161.61252,259.98114,203.05595,-216.9722,73.59494,268.38135,-179.09666,263.30905,201.71025,-246.80995,73.26853,270.52625,-206.8344,255.40297,199.3737,-207.86469,77.972015,262.3459,-173.60716,164.12755,228.74281,19.513824,127.06869,228.89417,-19.281364,160.1485,321.49054,27.052792,132.24825,322.50647,-13.237855,148.08273,405.51257,158.95421,140.2888,403.52975,130.68932,146.3443,414.97388,167.33517,137.77603,413.0081,139.38895,155.09775,429.35855,75.62212,144.11975,426.38678,43.509457
_91.jpg,173.64256,48.222107,40.414497,169.60596,38.184868,40.458736,168.04495,37.985043,40.48075,166.37819,37.764927,40.552704,170.40492,37.91281,18.438824,169.52538,37.617123,18.42108,168.74199,37.43673,18.331635,155.1741,38.723064,46.229736,160.47968,39.561592,-51.058994,166.13402,56.829666,47.54095,166.99823,56.607765,19.248497,104.01138,88.59261,88.08331,160.47653,86.77596,-120.789215,93.643036,157.90497,89.894295,146.74217,165.21858,-135.10721,113.65213,208.3875,38.542313,132.19702,229.6677,-120.692474,109.03245,228.63962,33.831867,130.24666,245.1231,-139.02483,112.22226,230.57047,14.460982,129.29875,247.07736,-142.5604,115.42721,221.28862,28.495453,129.90665,241.04916,-119.54029,99.71981,230.4023,60.98851,142.71803,234.34216,-60.99941,80.8123,325.0288,92.963486,181.54578,326.99774,-0.27039894,59.630146,425.53766,110.95596,210.64182,418.37308,44.481384,48.866695,442.28104,109.92579,205.92113,432.62793,46.02726,79.14997,440.96295,68.85975,253.2672,418.4171,3.023243
_92.jpg,190.44592,63.39216,-212.37738,195.36732,54.382256,-204.48509,197.93448,53.720596,-204.56363,200.25235,53.03524,-204.63943,189.33463,55.355442,-197.27417,187.98178,55.366077,-197.30052,186.63213,55.23434,-197.3456,206.24947,55.841084,-135.20808,188.1836,57.69866,-101.75355,197.36687,72.45503,-184.79938,189.71019,73.06411,-175.08975,243.94017,107.68668,-95.47401,164.38838,100.418686,-25.793476,251.77846,176.27078,-107.68889,125.814285,139.7737,-20.83165,238.6646,228.71317,-180.86963,77.38992,127.24378,-139.36536,236.51033,246.31519,-199.9327,60.188232,120.54762,-158.87563,229.87657,244.67752,-222.35706,60.523537,116.60472,-189.43523,228.86174,236.88385,-189.85852,67.19923,119.43443,-155.64136,222.16818,227.91156,-23.119162,177.29082,225.43771,23.187868,230.09956,319.94894,-55.772903,165.90752,317.49463,18.651625,220.82974,403.20935,23.27678,157.41513,402.16333,111.60498,214.24501,415.63617,24.301218,163.38757,417.61118,113.64305,221.90791,432.00528,-68.19474,120.124245,419.75684,29.142786
_93.jpg,156.34909,52.8041,-225.89566,160.80478,44.76871,-213.10208,164.13774,44.517,-213.18724,167.49612,44.367226,-213.27458,151.92026,45.406326,-212.55217,148.94472,45.550224,-212.61572,146.35478,45.65396,-212.66891,172.83046,47.81731,-125.63751,144.01213,49.352,-122.64144,163.08499,59.64286,-191.50526,151.32774,60.38857,-190.6227,196.3226,97.240974,-56.9464,123.0255,100.74065,-44.630962,237.77078,147.95056,-22.417494,75.709305,135.10559,-13.355891,203.06221,182.16716,-73.39225,106.24317,169.69214,-77.178185,194.69728,190.73901,-96.09108,112.28918,183.03343,-100.03121,187.92316,182.5781,-106.60053,121.97909,177.78734,-110.24687,189.71718,179.97778,-77.0284,118.992355,174.38908,-81.79764,177.87906,211.24495,-6.2343802,138.02446,208.03305,6.562119,171.96341,313.61478,-19.7341,134.97614,306.00534,9.653658,164.1967,391.7107,106.97833,144.4533,378.39838,133.55757,162.38583,400.80655,114.06587,144.93619,384.81235,139.88313,164.3079,410.09824,10.00483,142.03084,403.71555,40.897694
_95.jpg,183.4288,107.98943,-465.9046,190.31656,93.82316,-439.93378,195.65608,93.80782,-440.03745,200.59088,93.5517,-440.23883,172.71455,94.1509,-446.14853,166.28181,94.274956,-446.3196,160.32124,94.53035,-446.4426,206.458,99.409775,-273.32504,152.2854,101.89991,-298.69897,194.15086,121.79391,-402.68616,172.32268,122.647896,-410.17227,254.02884,190.94353,-176.55286,112.09327,187.06827,-179.30014,294.66467,281.69986,-383.32248,75.70114,286.13016,-128.78038,280.78635,185.84988,-740.2717,96.24267,365.70267,-194.10213,284.63022,166.9672,-814.78265,102.98508,396.1999,-216.9348,279.79062,159.7213,-807.78033,110.98479,392.6394,-237.22066,271.7502,167.03035,-747.6436,111.41859,384.74832,-201.21323,216.96239,382.50858,2.2851942,139.4865,381.0859,-1.7355802,227.69925,503.0505,-86.481384,133.49785,511.55536,-7.7676897,210.99413,607.224,189.62057,137.37036,612.6207,272.21765,211.60677,623.3288,208.20082,148.98918,644.45966,288.76288,222.57753,661.647,36.67594,135.6767,668.85657,117.89931
_96.jpg,153.05898,52.351234,210.40399,147.83392,46.221287,184.70183,144.80588,46.097397,184.7247,141.72185,46.059055,184.80423,156.16324,46.61041,185.38597,158.74872,46.74016,185.38774,161.28249,46.866226,185.24306,137.59998,49.324924,88.22132,163.02583,49.977978,89.74779,148.92749,59.221363,180.25235,156.67458,59.701817,180.57011,109.08983,93.555466,28.693031,188.83725,93.92217,49.747604,91.27934,152.51228,77.28573,208.66493,157.4657,131.4067,101.34591,196.49806,171.59555,198.91417,193.95596,275.99875,99.54442,205.72275,189.23085,200.00964,203.67,301.32217,105.17169,205.08197,190.26903,195.0547,202.87387,298.15253,105.766045,201.96631,176.06032,194.26059,199.53018,280.20718,132.11871,219.28613,-7.943497,172.73878,219.86389,8.054071,131.11052,309.34384,60.498234,171.78905,309.1492,71.92227,130.91081,407.2941,48.394817,174.63623,404.203,65.222435,135.60768,422.22357,45.200542,170.8364,416.95062,61.69122,112.11695,416.71375,23.930569,175.97734,410.65985,38.32593
_97.jpg,156.49196,43.022377,-315.82974,162.74904,33.671486,-303.01376,166.35562,33.587814,-303.1189,170.06703,33.552032,-303.18585,152.33159,33.055706,-304.0038,148.81088,32.572933,-304.11844,145.74179,32.0852,-304.20242,176.18529,37.336887,-201.08478,143.01741,34.943928,-205.24428,163.09482,52.958782,-274.7991,150.77959,53.667152,-275.98837,207.0879,94.48776,-120.03917,109.06034,88.07976,-125.00872,214.85893,162.14977,-82.19344,88.205376,156.24544,-86.32113,206.2088,219.55316,-155.39346,94.35457,219.7851,-156.90996,204.05252,239.52542,-181.76515,93.71556,237.46573,-181.10487,201.08174,239.1793,-205.67757,101.91264,238.97787,-205.73444,197.69562,231.30319,-165.24403,104.80932,231.15213,-166.69138,175.37646,231.22946,5.8029985,123.03238,227.09052,-5.520977,167.96518,341.35782,-0.45893455,120.103745,338.03424,-20.690437,167.2803,428.48254,125.641594,120.2594,424.41022,135.18361,162.57913,437.29877,131.20665,122.92039,430.81436,143.25496,178.58223,458.06433,21.6387,109.96316,450.73788,32.37673
_98.jpg,215.16405,73.85745,-284.04977,220.95432,59.73062,-267.13126,225.41003,59.46374,-267.3074,228.75513,59.14684,-267.4409,205.02818,60.088562,-271.0787,199.11984,60.153633,-271.1885,193.81027,60.114662,-271.34753,232.55542,64.64565,-156.86292,186.10046,65.87473,-172.53995,223.49718,87.140854,-241.24103,204.57104,88.016945,-245.47154,269.20618,129.36252,-98.17964,144.9676,131.95264,-126.13778,279.8086,206.66777,-90.90792,143.13992,209.99951,-158.55309,252.17108,245.021,-137.86165,202.89241,181.93059,-212.81882,243.15643,262.38135,-158.02917,225.19197,182.0286,-237.8775,239.82793,254.39381,-168.42708,217.76888,163.42401,-236.41504,238.90031,248.8531,-141.68858,215.04955,162.69444,-212.62726,246.34541,288.24854,3.138822,176.6399,291.38403,-2.580844,235.23817,390.2046,-4.2043858,168.82056,375.36722,-28.427408,226.46738,448.4001,150.00475,171.87341,452.83017,133.58342,219.09695,456.58353,159.85744,173.5916,461.17874,145.12856,228.21358,514.6,48.2861,180.85283,519.40594,30.49016
_99.jpg,184.94724,63.862297,-122.7392,187.75006,54.935623,-112.82125,191.04367,54.093666,-112.89892,193.82735,53.26847,-112.9625,178.70618,56.51035,-105.09161,175.65091,56.920204,-105.10447,173.09514,57.391415,-105.149574,198.73015,55.039062,-41.790825,170.88203,61.187035,-3.9935465,191.9768,69.935036,-95.002235,181.04968,71.637146,-83.952156,223.65921,104.51267,-23.662304,155.62137,106.039536,70.77324,217.43115,163.69032,-105.620316,118.67389,135.22142,48.616505,158.27275,164.2553,-216.11688,77.61441,103.78489,-57.678818,145.81458,164.43965,-246.54964,64.9358,96.123604,-73.965576,144.25648,161.09128,-238.45627,62.141533,92.14783,-89.42789,148.81973,161.03041,-213.9985,69.482574,94.78304,-67.946625,197.68445,218.48335,-23.784498,161.1507,217.55959,23.876497,212.97531,301.69983,-51.395836,175.81041,308.15567,5.754783,235.81134,381.95355,79.38706,187.88432,386.5245,139.41232,232.45142,387.62152,86.37706,191.26164,391.00708,146.89018,235.75655,397.5776,-16.787159,182.47598,394.85776,48.132107
